taisho_no,title
1,長阿含經
2,七佛經
3,毘婆尸佛經
4,七佛父母姓字經
5,佛般泥洹經
6,般泥洹經
7,大般涅槃經
8,大堅固婆羅門緣起經
9,人仙經
10,白衣金幢二婆羅門緣起經
11,尼拘陀梵
12,大集法門經
13,長阿含十報法經
14,人本欲生經
15,帝釋所問經
16,尸迦羅越六方禮經
17,善生子經
18,信佛功德經
19,大三摩惹經
20,佛開解梵志阿颰經
21,梵網六十二見經
22,寂志果經
23,大樓炭經
24,起世經
25,起世因本經
26,中阿含經
27,七知經
28,園生樹經
29,鹹水喻經
30,薩鉢多酥哩踰捺野經
31,一切流攝守因經
32,四諦經
33,恒水經
34,法海經
35,海八德經
36,本相猗致經
37,緣本致經
38,輪王七寶經
39,頂生王故事經
40,文陀竭王經
41,頻婆娑羅王經
42,鐵城泥犁經
43,閻羅王五天使者經
44,古來世時經
45,大正句王經
46,阿那律八念經
47,離睡經
48,是法非法經
49,求欲經
50,受歲經
51,梵志計水淨經
52,大生義經
53,苦陰經
54,釋摩男本四子經
55,苦陰因事經
56,樂想經
57,漏分布經
58,阿耨風經
59,諸法本經
60,瞿曇彌記果經
61,受新歲經
62,新歲經
63,解夏經
64,瞻婆比丘經
65,伏婬經
66,魔嬈亂經
67,弊魔試目連經
68,賴吒和羅經
69,護國經
70,數經
71,梵志頞波羅延問種尊經
72,三歸五戒慈心厭離功德經
73,須達經
74,長者施報經
75,佛為黃竹園老婆羅門說學經
76,梵摩渝經
77,尊上經
78,兜調經
79,鸚鵡經
80,佛為首迦長者說業報差別經
81,分別善惡報應經
82,意經
83,應法經
84,分別布施經
85,息諍因緣經
86,泥犁經
87,齋經
88,優陂夷墮舍迦經
89,八關齋經
90,鞞摩肅經
91,婆羅門子命終愛念不離經
92,十支居士八城人經
93,邪見經
94,箭喻經
95,蟻喻經
96,治意經
97,廣義法門經
98,普法義經
99,雜阿含經
100,別譯雜阿含經
101,別譯雜阿含經
102,別譯雜阿含經
103,佛說聖法印經
104,佛說法印經
105,五陰譬喻經
106,佛說水沫所漂經
107,佛說不自守意經
108,佛說滿願子經
109,佛說轉法輪經
110,佛說三轉法輪經
111,佛說相應相可經
112,佛說八正道經
113,佛說難提釋經
114,佛說馬有三相經
115,佛說馬有八態譬人經
116,佛說戒德香經
117,佛說戒香經
118,佛說鴦掘摩經
119,佛說鴦崛髻經
120,央掘魔羅經
121,月喻經
122,佛說波斯匿王太后崩塵土坌身經
123,放牛經
124,緣起經
125,增壹阿含經
126,佛說阿羅漢具德經
127,佛說四人出現世間經
128,須摩提女經
128,須摩提女經
129,佛說三摩竭經
130,佛說給孤長者女得度因緣經
131,佛說婆羅門避死經
132,佛說食施獲五福報經
132,佛說食施獲五福報經
133,頻毘娑羅王詣佛供養經
134,佛說長者子六過出家經
135,佛說力士移山經
136,佛說四未曾有法經
137,舍利弗摩訶目連遊四衢經
138,十一想思念如來經
139,四泥犁經
140,阿那邠邸化七子經
141,佛說阿遬達經
142,佛說玉耶女經
142,玉耶女經
143,玉耶經
144,大愛道般泥洹經
145,佛母般泥洹經
146,舍衛國王夢見十事經
147,佛說舍衛國王十夢經
148,國王不梨先泥十夢經
149,阿難同學經
150,七處三觀經
150,九橫經
151,佛說阿含正行經
152,六度集經
153,菩薩本緣經
154,生經
155,菩薩本行經
156,大方便佛報恩經
157,悲華經
158,大乘悲分陀利經
159,大乘本生心地觀經
160,菩薩本生鬘論
161,長壽王經
162,金色王經
163,妙色王因緣經
164,師子素馱娑王斷肉經
165,頂生王因緣經
166,月光菩薩經
167,太子慕魄經
168,太子慕魄經
169,月明菩薩經
170,德光太子經
171,太子須大拏經
172,菩薩投身飴餓虎起塔因緣經
173,福力太子因緣經
174,菩薩睒子經
175,睒子經
175,佛說睒子經
175,佛說睒子經
176,師子月佛本生經
177,大意經
178,前世三轉經
179,銀色女經
180,過去世佛分衛經
181,九色鹿經
181,佛說九色鹿經
182,鹿母經
182,佛說鹿母經
183,一切智光明仙人慈心因緣不食肉經
184,修行本起經
185,太子瑞應本起經
186,普曜經
187,方廣大莊嚴經
188,異出菩薩本起經
189,過去現在因果經
190,佛本行集經
191,佛本行集經
192,佛所行讚
193,佛本行經
194,僧伽羅剎所集經
195,佛說十二遊經
196,中本起經
197,佛說興起行經
198,佛說義足經
199,佛五百弟子自說本起經
200,撰集百緣經
201,大莊嚴論經
202,賢愚經
203,雜寶藏經
204,雜譬喻經
205,雜譬喻經
206,舊雜譬喻經
207,雜譬喻經
208,眾經撰雜譬喻
209,百喻經
210,法句經
211,法句譬喻經
212,出曜經
213,法集要頌經
214,猘狗經
215,群牛譬經
216,大魚事經
217,譬喻經
218,灌頂王喻經
219,醫喻經
220,大般若波羅蜜多經
221,放光般若經
222,光讚經
223,摩訶般若波羅蜜經
224,道行般若經
225,大明度經
226,摩訶般若鈔經
227,小品般若波羅蜜經
228,佛說佛母出生三法藏般若波羅蜜多經
229,佛說佛母寶德藏般若波羅蜜經
230,聖八千頌般若波羅蜜多一百八名真實圓義陀羅尼經
231,勝天王般若波羅蜜經
232,文殊師利所說摩訶般若波羅蜜經
233,文殊師利所說般若波羅蜜經
234,佛說濡首菩薩無上清淨分衛經
235,金剛般若波羅蜜經
236,金剛般若波羅蜜經
236,金剛般若波羅蜜經
237,金剛般若波羅蜜經
238,金剛能斷般若波羅蜜經
239,佛說能斷金剛般若波羅蜜多經
240,實相般若波羅蜜經
241,金剛頂瑜伽理趣般若經
242,佛說遍照般若波羅蜜經
243,大樂金剛不空真實三麼耶經
244,佛說最上根本大樂金剛不空三昧大教王經
245,佛說仁王般若波羅蜜經
246,仁王護國般若波羅蜜多經
247,佛說了義般若波羅蜜多經
248,佛說五十頌聖般若波羅蜜經
249,佛說五十頌聖般若波羅蜜經
250,摩訶般若波羅蜜大明呪經
251,般若波羅蜜多心經
252,普遍智藏般若波羅蜜多心經
253,般若波羅蜜多心經
254,般若波羅蜜多心經
255,般若波羅蜜多心經
256,唐梵翻對字音般若波羅蜜多心經
257,佛說聖佛母般若波羅蜜多經
258,佛說聖佛母般若波羅蜜多經
259,佛說觀想佛母般若波羅蜜多菩薩經
260,佛說開覺自性般若波羅蜜多經
261,大乘理趣六波羅蜜多經
262,妙法蓮華經
263,正法華經
264,添品妙法蓮華經
265,薩曇分陀利經
266,佛說阿惟越致遮經
267,不退轉法輪經
268,佛說廣博嚴淨不退轉輪經
269,法華三昧經
270,大法鼓經
271,佛說菩薩行方便境界神通變化經
272,大薩遮尼乾子所說經
273,金剛三昧經
274,佛說濟諸方等學經
275,大乘方廣總持經
276,無量義經
277,佛說觀普賢菩薩行法經
278,大方廣佛華嚴經
279,大方廣佛華嚴經
280,佛說兜沙經
281,佛說菩薩本業經
282,諸菩薩求佛本業經
283,菩薩十住行道品
284,菩薩十住經
285,漸備一切智德經
286,十住經
287,佛說十地經
288,等目菩薩所問三昧經
289,等目菩薩所問三昧經
290,佛說較量一切佛剎功德經
291,佛說如來興顯經
292,度世品經
293,大方廣佛華嚴經
294,佛說羅摩伽經
295,大方廣佛華嚴經入法界品
296,文殊師利發願經
297,普賢菩薩行願讚
298,大方廣普賢所說經
299,大方廣總持寶光明經
300,大方廣佛華嚴經不思議佛境界分
301,大方廣如來不思議境界經
302,度諸佛境界智光嚴經
303,佛華嚴入如來德智不思議境界經
304,大方廣入如來智德不思議經
305,信力入印法門經
306,大方廣佛花嚴經修慈分
307,佛說莊嚴菩提心經
308,佛說大方廣菩薩十地經
309,最勝問菩薩十住除垢斷結經
310,大寶積經
311,大方廣三戒經
312,佛說如來不思議祕密大乘經
313,阿閦佛國經
314,佛說大乘十法經
315,佛說普門品經
315,佛說普門品經
316,佛說大乘菩薩藏正法經
317,佛說胞胎經
318,文殊師利佛土嚴淨經
319,大聖文殊師利菩薩佛剎功德莊嚴經
320,父子合集經
321,護國尊者所問大乘經
322,法鏡經
323,郁迦羅越問菩薩行經
324,佛說幻士仁賢經
325,決定毘尼經
326,三十五佛名禮懺文
327,發覺淨心經
328,佛說須賴經
329,須賴經
330,菩薩修行經
331,無畏授所問大乘經
332,優填王經
333,大乘日子王所問經
334,須摩提菩薩經
335,佛說須摩提菩薩經
336,須摩提經
337,阿闍貰王女阿術達菩薩經
338,離垢施女經
339,得無垢女經
340,文殊師利所說不思議佛境界經
341,聖善住意天子所問經
342,如幻三昧經
343,太子刷護經
344,佛說太子和休經
345,慧上菩薩問大善權經
346,大方廣善巧方便經
347,大乘顯識經
348,大乘方等要慧經
349,彌勒菩薩所問本願經
350,遺日摩尼寶經
351,摩訶衍寶嚴經
352,大迦葉問大寶積正法經
353,勝鬘師子吼一乘大方便方廣經
354,毘耶娑問經
355,入法界體性經
356,寶積三昧文殊師利菩薩問法身經
357,如來莊嚴智慧光明入一切佛境界經
358,度一切諸佛境界智嚴經
359,大乘入諸佛境界智光明莊嚴經
360,無量壽經
361,無量清淨平等覺經
362,阿彌陀三耶三佛薩樓佛檀過度人道經
363,大乘無量壽莊嚴經
364,佛說大阿彌陀經
365,觀無量壽佛經
366,阿彌陀經
367,稱讚淨土佛攝受經
368,拔一切業障根本得生淨土神呪
369,阿彌陀佛說呪
370,阿彌陀鼓音聲王陀羅尼經
371,觀世音菩薩授記經
372,如幻三摩地無量印法門經
373,後出阿彌陀佛偈
374,大般涅槃經
375,大般涅槃經
376,大般泥洹經
377,大般涅槃經後分
378,方等般泥洹經
379,四童子三昧經
380,大悲經
381,等集眾德三昧經
382,集一切福德三昧經
383,摩訶摩耶經
384,菩薩從兜術天降神母胎說廣普經
385,中陰經
386,蓮華面經
387,大方等無想經
388,大雲無想經卷第九
389,佛垂般涅槃略說教誡經
390,佛臨涅槃記法住經
391,般泥洹後灌臘經
392,佛滅度後棺斂葬送經
393,迦葉赴佛般涅槃經
394,佛入涅槃密迹金剛力士哀戀經
395,佛說當來變經
396,佛說法滅盡經
397,大方等大集經
398,大哀經
399,寶女所問經
400,佛說海意菩薩所問淨印法門經
401,佛說無言童子經
402,寶星陀羅尼經
403,阿差末菩薩經
404,大集大虛空藏菩薩所問經
405,虛空藏菩薩經
406,虛空藏菩薩神呪經
407,虛空藏菩薩神呪經
408,虛空孕菩薩經
409,觀虛空藏菩薩經
410,大方廣十輪經
411,大乘大集地藏十輪經
412,地藏菩薩本願經
413,百千頌大集經地藏菩薩請問法身讚
414,菩薩念佛三昧經
415,大方等大集經菩薩念佛三昧分
416,大方等大集經賢護分
417,般舟三昧經
418,般舟三昧經
419,拔陂菩薩經
420,自在王菩薩經
421,奮迅王
422,大集譬喻王經
423,僧伽吒經
424,大集會正法經
425,賢劫經
426,佛說千佛因緣經
427,佛說八吉祥神呪經
428,佛說八陽神呪經
429,佛說八部佛名經
430,八吉祥經
431,八佛名號經
432,佛說十吉祥經
433,佛說寶網經
434,佛說稱揚諸佛功德經
435,佛說滅十方冥經
436,受持七佛名號所生功德經
437,大乘寶月童子問法經
438,佛說大乘大方廣佛冠經
439,佛說諸佛經
440,佛說佛名經
441,佛說佛名經
442,十方千五百佛名經
443,五千五百佛名神呪除障滅罪經
444,佛說百佛名經
445,佛說不思議功德諸佛所護念經
446,過去莊嚴劫千佛名經
446,過去莊嚴劫千佛名經
447,現在賢劫千佛名經
447,現在賢劫千佛名經
448,未來星宿劫千佛名經
448,未來星宿劫千佛名經
449,佛說藥師如來本願經
450,藥師琉璃光如來本願功德經
451,藥師琉璃光七佛本願功德經
452,佛說觀彌勒菩薩上生兜率天經
453,佛說彌勒下生經
454,佛說彌勒下生成佛經
455,佛說彌勒下生成佛經
456,佛說彌勒大成佛經
457,佛說彌勒來時經
458,文殊師利問菩薩署經
459,佛說文殊悔過經
460,佛說文殊師利淨律經
461,佛說文殊師利現寶藏經
462,大方廣寶篋經
463,佛說文殊師利般涅槃經
464,文殊師利問菩提經
465,伽耶山頂經
466,佛說象頭精舍經
467,大乘伽耶山頂經
468,文殊師利問經
469,文殊問經字母品第十四
470,佛說文殊師利巡行經
471,佛說文殊師利行經
472,佛說大乘善見變化文殊師利問法經
473,佛說妙吉祥菩薩所問大乘法螺經
474,佛說維摩詰經
475,維摩詰所說經
476,說無垢稱經
477,佛說大方等頂王經
478,大乘頂王經
479,善思童子經
480,佛說月上女經
481,持人菩薩經
482,持世經
483,三曼陀跋陀羅菩薩經
484,不思議光菩薩所說經
485,無所有菩薩經
486,師子莊嚴王菩薩請問經
487,離垢慧菩薩所問禮佛法經
488,寶授菩薩菩提行經
489,佛說除蓋障菩薩所問經
490,佛說八大菩薩經
491,六菩薩亦當誦持經
492,佛說阿難問事佛吉凶經
492,阿難問事佛吉凶經
493,佛說阿難四事經
494,阿難七夢經
495,佛說阿難分別經
496,佛說大迦葉本經
497,佛說摩訶迦葉度貧母經
498,佛說初分說經
499,佛為阿支羅迦葉自化作苦經
500,羅云忍辱經
501,佛說沙曷比丘功德經
502,佛為年少比丘說正事經
503,比丘避女惡名欲自殺經
504,比丘聽施經
505,佛說隨勇尊者經
506,犍陀國王經
507,佛說未生冤經
508,阿闍世王問五逆經
509,阿闍世王授決經
510,採花違王上佛授決號妙花經
511,佛說蓱沙王五願經
512,佛說淨飯王般涅槃經
513,佛說琉璃王經
514,佛說諫王經
515,如來示教勝軍王經
516,佛說勝軍王所問經
517,佛說末羅王經
518,佛說旃陀越國王經
519,佛說摩達國王經
520,佛說薩羅國經
521,佛說梵摩難國王經
522,普達王經
523,佛說五王經
524,佛為優填王說王法政論經
525,佛說長者子懊惱三處經
526,佛說長者子制經
527,佛說逝童子經
528,佛說菩薩逝經
529,佛說阿鳩留經
530,佛說須摩提長者經
531,佛說長者音悅經
532,私呵昧經
533,菩薩生地經
534,佛說月光童子經
535,佛說申日經
536,申日兒本經
537,佛說越難經
538,佛說呵雕阿那鋡經
539,盧至長者因緣經
540,佛說樹提伽經
540,佛說樹提伽經
541,佛說佛大僧大經
542,佛說耶祇經
543,佛說巨力長者所問大乘經
544,辯意長者子經
545,佛說德護長者經
546,佛說金耀童子經
547,大花嚴長者問佛那羅延力經
548,佛說金光王童子經
549,佛說光明童子因緣經
550,金色童子因緣經
551,佛說摩鄧女經
552,佛說摩登女解形中六事經
553,佛說捺女祗域因緣經
554,佛說奈女耆婆經
555,五母子經
555,五母子經
556,佛說七女經
557,佛說龍施女經
558,佛說龍施菩薩本起經
559,佛說老女人經
560,佛說老母女六英經
561,佛說老母經
562,佛說無垢賢女經
563,佛說腹中女聽經
564,佛說轉女身經
565,順權方便經
566,樂瓔珞莊嚴方便品經
567,佛說梵志女首意經
568,有德女所問大乘經
569,佛說心明經
570,佛說賢首經
571,佛說婦人遇辜經
572,佛說長者法志妻經
573,差摩婆帝授記經
574,佛說堅固女經
575,佛說大方等修多羅王經
576,佛說轉有經
577,佛說大乘流轉諸有經
578,無垢優婆夷問經
579,優婆夷淨行法門經
580,佛說長者女菴提遮師子吼了義經
581,佛說八師經
582,佛說孫多耶致經
583,佛說黑氏梵志經
584,長爪梵志請問經
585,持心梵天所問經
586,思益梵天所問經
587,勝思惟梵天所問經
588,佛說須真天子經
589,佛說魔逆經
590,佛說四天王經
591,商主天子所問經
592,天請問經
593,佛為勝光天子說王法經
594,佛說大自在天子因地經
595,佛說嗟韈曩法天子受三歸依獲免惡道經
596,佛說天王太子辟羅經
597,龍王兄弟經
598,佛說海龍王經
599,佛為海龍王說法印經
600,十善業道經
601,佛為娑伽羅龍王所說大乘經
602,佛說大安般守意經
603,陰持入經
604,佛說禪行三十七品經
605,禪行法想經
606,修行道地經
607,道地經
608,小道地經
609,禪要經
610,佛說內身觀章句經
611,法觀經
612,身觀經
613,禪祕要法經
614,坐禪三昧經
615,菩薩訶色欲法經
616,禪法要解
617,思惟略要法
618,達摩多羅禪經
619,五門禪經要用法
620,治禪病祕要法
621,佛說佛印三昧經
622,佛說自誓三昧經
623,佛說如來獨證自誓三昧經
624,佛說伅真陀羅所問如來三昧經
625,大樹緊那羅王所問經
626,佛說阿闍世王經
627,文殊支利普超三昧經
628,佛說未曾有正法經
629,佛說放鉢經
630,佛說成具光明定意經
631,佛說法律三昧經
632,佛說慧印三昧經
633,佛說如來智印經
634,佛說大乘智印經
635,佛說弘道廣顯三昧經
636,無極寶三昧經
637,佛說寶如來三昧經
638,佛說超日明三昧經
639,月燈三昧經
640,佛說月燈三昧經
641,佛說月燈三昧經
642,佛說首楞嚴三昧經
643,佛說觀佛三昧海經
644,佛說金剛三昧本性清淨不壞不滅經
645,不必定入定入印經
646,入定不定印經
647,力莊嚴三昧經
648,寂照神變三摩地經
649,觀察諸法行經
650,諸法無行經
651,佛說諸法本無經
652,佛說大乘隨轉宣說諸法經
653,佛藏經
654,佛說入無分別法門經
655,佛說勝義空經
656,菩薩瓔珞經
657,佛說華手經
658,寶雲經
659,大乘寶雲經
660,佛說寶雨經
661,大乘百福相經
662,大乘百福莊嚴相經
663,金光明經
664,合部金光明經
665,金光明最勝王經
666,大方等如來藏經
667,大方廣如來藏經
668,佛說不增不減經
669,佛說無上依經
670,楞伽阿跋多羅寶經
671,入楞伽經
672,大乘入楞伽經
673,大乘同性經
674,證契大乘經
675,深密解脫經
676,解深密經
677,佛說解節經
678,相續解脫地波羅蜜了義經
679,相續解脫如來所作隨順處了義經
680,佛說佛地經
681,大乘密嚴經
682,大乘密嚴經
683,佛說諸德福田經
684,佛說父母恩難報經
685,佛說盂蘭盆經
686,佛說報恩奉盆經
687,佛說孝子經
688,佛說未曾有經
689,甚希有經
690,佛說希有挍量功德經
691,最無比經
692,佛說作佛形像經
693,佛說造立形像福報經
694,佛說大乘造像功德經
695,佛說灌洗佛形像經
696,佛說摩訶剎頭經
697,佛說浴像功德經
698,浴佛功德經
699,佛說造塔功德經
700,右繞佛塔功德經
701,佛說溫室洗浴眾僧經
702,佛說施燈功德經
703,燈指因緣經
704,佛說樓閣正法甘露鼓經
705,佛說布施經
706,佛說五大施經
707,佛說出家功德經
708,了本生死經
709,佛說稻芉經
710,慈氏菩薩所說大乘緣生稻卄幹喻經
711,大乘舍黎娑擔摩經
712,佛說大乘稻芉經
713,貝多樹下思惟十二因緣經
714,緣起聖道經
715,佛說舊城喻經
716,緣生初勝分法本經
717,分別緣起初勝法門經
718,佛說分別緣生經
719,十二緣生祥瑞經
720,無明羅剎集
721,正法念處經
722,妙法聖念處經
723,分別業報略經
724,佛說罪業應報教化地獄經
725,佛說六道伽陀經
726,六趣輪迴經
727,十不善業道經
728,諸法集要經
729,佛說分別善惡所起經
730,佛說處處經
731,佛說十八泥犁經
732,佛說罵意經
733,佛說堅意經
734,佛說鬼問目連經
735,佛說四願經
736,佛說四自侵經
737,所欲致患經
738,佛說分別經
739,佛說慢法經
740,佛說頞多和多耆經
741,五苦章句經
742,佛說自愛經
743,佛說忠心經
744,佛說除恐災患經
745,佛說雜藏經
746,餓鬼報應經
747,佛說罪福報應經
747,佛說輪轉五道罪福報應經
748,佛說護淨經
749,佛說因緣僧護經
750,沙彌羅經
751,佛說五無反復經
751,佛說五無返復經
752,佛說五無返復經
753,十二品生死經
754,佛說未曾有因緣經
755,佛說淨意優婆塞所問經
756,佛說八無暇有暇經
757,佛說身毛喜豎經
758,佛說諸行有為經
759,佛說較量壽命經
760,惟日雜難經
761,佛說法集經
762,佛說決定義經
763,佛說法乘義決定經
764,佛說法集名數經
765,本事經
766,佛說法身經
767,佛說三品弟子經
768,三慧經
769,佛說四輩經
770,佛說四不可得經
771,四品學法經
772,大乘四法經
773,佛說菩薩修行四法經
774,大乘四法經
775,佛說四無所畏經
776,佛說四品法門經
777,佛說賢者五福德經
778,佛說菩薩內習六波羅蜜經
779,佛說八大人覺經
780,佛說十力經
781,佛說佛十力經
782,佛說十號經
783,佛說十二頭陀經
784,四十二章經
785,得道梯橙錫杖經
786,佛說木槵子經
787,曼殊室利呪藏中校量數珠功德經
788,佛說校量數珠功德經
789,金剛頂瑜伽念珠經
790,佛說孛經抄
791,佛說出家緣經
792,佛說法受塵經
793,佛說佛醫經
794,佛說時非時經
794,佛說時非時經
795,佛治身經
796,佛說見正經
797,佛說貧窮老公經
797,佛說貧窮老公經
798,佛說進學經
799,佛說略教誡經
800,佛說無上處經
801,佛說無常經
802,佛說信解智力經
803,佛說清淨心經
804,佛說解憂經
805,佛說栴檀樹經
806,佛說枯樹經
807,佛說內藏百寶經
808,佛說犢子經
809,佛說乳光佛經
810,諸佛要集經
811,佛說決定總持經
812,菩薩行五十緣身經
813,佛說無希望經
814,佛說象腋經
815,曇摩蜜多
816,佛說道神足無極變化經
817,佛說大淨法門經
818,大莊嚴法門經
819,佛說法常住經
820,佛說演道俗業經
821,大方廣如來祕密藏經
822,佛說諸法勇王經
823,佛說一切法高王經
824,諸法最上王經
825,佛說甚深大迴向經
826,弟子死復生經
827,佛說懈怠耕者經
828,無字寶篋經
829,大乘離文字普光明藏經
830,大乘遍照光明藏無字法門經
831,謗佛經
832,佛語經
833,第一義法勝經
834,大威燈光仙人問疑經
835,如來師子吼經
836,大方廣師子吼經
837,佛說出生菩提心經
838,佛說發菩提心破諸魔經
839,占察善惡業報經
840,稱讚大乘功德經
841,說妙法決定業障經
842,大方廣圓覺修多羅了義經
843,佛陀多羅
844,佛說大方廣未曾有經善巧方便品
845,佛說尊那經
846,外道問聖大乘法無我義經
847,大乘修行菩薩行門諸經要集
848,大毘盧遮那成佛神變加持經
849,大毘盧遮那佛說要略念誦經
850,攝大毘盧遮那成佛神變加持經入蓮華胎藏海會悲生曼荼攞廣大念誦儀軌供養方便會
851,大毘盧遮那經廣大儀軌
852,大毘盧遮那成佛神變加持經蓮華胎藏悲生曼荼羅廣大成就儀軌供養方便會
852,大毘盧舍那成佛神變加持經蓮華胎藏悲生曼荼羅廣大成就儀軌
853,大毘盧遮那成佛神變加持經蓮華胎藏菩提幢標幟普通真言藏廣大成就瑜伽
854,胎藏梵字真言
855,青龍寺軌記
856,大毘盧遮那成佛神變加持經略示七支念誦隨行法
857,大日經略攝念誦隨行法
858,大毘盧遮那略要速疾門五支念誦法
859,供養儀式
860,大日經持誦次第儀軌
861,毘盧遮那五字真言修習儀軌
862,阿闍梨大曼荼攞灌頂儀軌
863,大毘盧遮那經阿闍梨真實智品中阿闍梨住阿字觀門
864,大日如來劍印
864,胎藏金剛教法名號
865,金剛頂一切如來真實攝大乘現證大教王經
866,金剛頂瑜伽中略出念誦經
867,金剛峰樓閣一切瑜伽瑜祇經
868,諸佛境界攝真實經
869,金剛頂經瑜伽十八會指歸
870,略述金剛頂瑜伽分別聖位修證法門
871,金剛頂瑜伽略述三十七尊心要
872,金剛頂瑜伽三十七尊出生義
873,金剛頂蓮華部心念誦儀軌
874,金剛頂一切如來真實攝大乘現證大教王經
875,蓮華部心念誦儀軌
876,金剛頂瑜伽修習毘盧遮那三摩地法
877,金剛頂經毘盧遮那一百八尊法身契印
878,金剛頂經金剛界大道場毘盧遮那如來自受用身內證智眷屬法身異名佛最上乘祕密三摩地禮懺文
879,金剛頂瑜伽三十七尊禮
880,瑜伽金剛頂經釋字母品
881,賢劫十六尊
882,佛說一切如來真實攝大乘現證三昧大教王經
883,佛說祕密三昧大教王經
884,佛說祕密相經
885,佛說一切如來金剛三業最上祕密大教王經
886,佛說金剛場莊嚴般若波羅蜜多教中一分
887,佛說無二平等最上瑜伽大教王經
888,一切祕密最上名義大教王儀軌
889,一切如來大祕密王未曾有最上微妙大曼拏羅經
890,佛說瑜伽大教王經
891,佛說幻化網大瑜伽教十忿怒明王大明觀想儀軌經
892,佛說大悲空智金剛大教王儀軌經
893,蘇悉地羯羅經
893,蘇悉地羯羅經
893,蘇悉地羯羅經
894,蘇悉地羯羅供養法
894,蘇悉地羯羅供養法
895,蘇婆呼童子請問經
895,蘇婆呼童子請問經
896,妙臂菩薩所問經
897,蕤呬耶經
898,佛說毘奈耶經
899,清淨法身毘盧遮那心地法門成就一切陀羅尼三種悉地
900,十八契印
901,陀羅尼集經
902,總釋陀羅尼義讚
903,都部陀羅尼目
904,念誦結護法普通諸部
905,三種悉地破地獄轉業障出三界祕密陀羅尼法
906,佛頂尊勝心破地獄轉業障出三界祕密三身佛果三種悉地真言儀軌
907,佛頂尊勝心破地獄轉業障出三界祕密陀羅尼
908,金剛頂瑜伽護摩儀軌
909,金剛頂瑜伽護摩儀軌
910,梵天擇地法
911,建立曼荼羅及揀擇地法
912,建立曼荼羅護摩儀軌
913,火合牛供養儀軌
914,火吽軌別錄
915,受菩提心戒儀
916,受五戒八戒文
917,無畏三藏禪要
918,諸佛心陀羅尼經
919,諸佛心印陀羅尼經
920,佛心經
921,阿閦如來念誦供養法
922,藥師琉璃光如來消災除難念誦儀軌
923,藥師如來觀行儀軌法
924,藥師如來念誦儀軌
924,藥師如來念誦儀軌
924,藥師儀軌一具
925,藥師琉璃光王七佛本願功德經念誦儀軌
926,藥師琉璃光王七佛本願功德經念誦儀軌供養法
927,藥師七佛供養儀軌如意王經
928,修藥師儀軌布壇法
929,淨瑠璃淨土摽
930,無量壽如來觀行供養儀軌
931,金剛頂經觀自在王如來修行法
932,金剛頂經瑜伽觀自在王如來修行法
933,九品往生阿彌陀三摩地集陀羅尼經
934,佛說無量功德陀羅尼經
935,極樂願文
936,大乘無量壽經
937,佛說大乘聖無量壽決定光明王如來陀羅尼經
938,釋迦文尼佛金剛一乘修行儀軌法品
939,佛說大乘觀想曼拏羅淨諸惡趣經
940,佛說帝釋巖祕密成就儀軌
941,釋迦牟尼佛成道在菩提樹降魔讚
942,釋迦佛讚
943,佛說無能勝幡王如來莊嚴陀羅尼經
944,大佛頂如來放光悉怛多鉢怛囉陀羅尼
944,大佛頂大陀羅尼
945,大佛頂如來密因修證了義諸菩薩萬行首楞嚴經
946,大佛頂廣聚陀羅尼經
947,大佛頂如來放光悉怛多般怛羅大神力都攝一切呪王陀羅尼經大威德最勝金輪三昧呪品
948,金輪王佛頂要略念誦法
949,奇特最勝金輪佛頂念誦儀軌法要
950,菩提場所說一字頂輪王經
951,一字佛頂輪王經
952,五佛頂三昧陀羅尼經
953,一字奇特佛頂經
954,一字頂輪王念誦儀軌
954,一字頂輪王念誦儀軌
955,一字頂輪王瑜伽觀行儀軌
956,大陀羅尼末法中一字心呪經
957,金剛頂一字頂輪王瑜伽一切時處念誦成佛儀軌
958,金剛頂經一字頂輪王儀軌音義
959,頂輪王大曼荼羅灌頂儀軌
960,一切如來說佛頂輪王一百八名讚
961,如意寶珠轉輪祕密現身成佛金輪呪王經
962,寶悉地成佛陀羅尼經
963,佛說熾盛光大威德消災吉祥陀羅尼經
964,佛說大威德金輪佛頂熾盛光如來消除一切災難陀羅尼經
965,大妙金剛大甘露軍拏利焰鬘熾盛佛頂經
966,大聖妙吉祥菩薩說除災教令法輪
967,佛頂尊勝陀羅尼經
968,佛頂尊勝陀羅尼經
969,佛頂最勝陀羅尼經
970,最勝佛頂陀羅尼淨除業障呪經
971,佛說佛頂尊勝陀羅尼經
972,佛頂尊勝陀羅尼念誦儀軌法
973,尊勝佛頂脩瑜伽法軌儀
974,最勝佛頂陀羅尼經
974,佛頂尊勝陀羅尼
974,加句靈驗佛頂尊勝陀羅尼記
974,佛頂尊勝陀羅尼注義
974,佛頂尊勝陀羅尼真言
974,佛頂尊勝陀羅尼別法
975,白傘蓋大佛頂王最勝無比大威德金剛無礙大道場陀羅尼念誦法要
976,佛頂大白傘蓋陀羅尼經
977,佛說大白傘蓋總持陀羅尼經
978,佛說一切如來烏瑟膩沙最勝總持經
979,于瑟抳沙毘左野陀囉尼
980,大勝金剛佛頂念誦儀軌
981,大毘盧遮那佛眼修行儀軌
982,佛母大孔雀明王經
983,佛說大孔雀明王畫像壇場儀軌
983,孔雀經真言等梵本
984,孔雀王呪經
985,佛說大孔雀呪王經
986,大金色孔雀王呪經
987,佛說大金色孔雀王呪經
988,孔雀王呪經
989,大雲輪請雨經
990,大雲經祈雨壇法
991,大雲輪請雨經
992,大方等大雲經請雨品第六十四
993,大雲經請雨品第六十四
994,仁王護國般若波羅蜜多經陀羅尼念誦儀軌
995,仁王般若念誦法
996,仁王般若陀羅尼釋
997,守護國界主陀羅尼經
998,佛說迴向輪經
999,佛說守護大千國土經
1000,成就妙法蓮華經王瑜伽觀智儀軌
1001,法華曼荼羅威儀形色法經
1002,不空羂索毘盧遮那佛大灌頂光真言
1003,大樂金剛不空真實三昧耶經般若波羅蜜多理趣釋
1004,般若波羅蜜多理趣經大樂不空三昧真實金剛薩埵菩薩等一十七聖大曼荼羅義述
1005,大寶廣博樓閣善住祕密陀羅尼經
1005,寶樓閣經梵字真言
1006,廣大寶樓閣善住祕密陀羅尼經
1007,牟梨曼陀羅呪經
1008,菩提場莊嚴陀羅尼經
1009,出生無邊門陀羅尼經
1010,佛說出生無邊門陀羅尼儀軌
1011,佛說無量門微密持經
1012,佛說出生無量門持經
1013,阿難陀目佉尼呵離陀經
1014,無量門破魔陀羅尼經
1015,佛說阿難陀目佉尼呵離陀隣尼經
1016,舍利弗陀羅尼經
1017,佛說一向出生菩薩經
1018,出生無邊門陀羅尼經
1019,大方廣佛華嚴經入法界品四十二字觀門
1020,大方廣佛花嚴經入法界品頓證毘盧遮那法身字輪瑜伽儀軌
1021,華嚴經心陀羅尼
1022,一切如來心祕密全身舍利寶篋印陀羅尼經
1022,一切如來心祕密全身舍利寶篋印陀羅尼經
1023,一切如來正法祕密篋印心陀羅尼經
1024,無垢淨光大陀羅尼經
1025,佛頂放無垢光明入普門觀察一切如來心陀羅尼經
1026,佛說造塔延命功德經
1027,金剛光焰止風雨陀羅尼經
1027,金剛光焰止風雨陀羅尼經
1028,佛說護諸童子陀羅尼經
1028,童子經念誦法
1029,佛說安宅陀羅尼呪經
1030,觀自在大悲成就瑜伽蓮華部念誦法門
1031,聖觀自在菩薩心真言瑜伽觀行儀軌
1032,瑜伽蓮華部念誦法
1033,金剛恐怖集會方廣軌儀觀自在菩薩三世最勝心明王經
1034,呪五首
1035,千轉陀羅尼觀世音菩薩呪
1036,千轉大明陀羅尼經
1037,觀自在菩薩說普賢陀羅尼經
1038,清淨觀世音普賢陀羅尼經
1039,阿唎多羅陀羅尼阿嚕力經
1040,金剛頂降三世大儀軌法王教中觀自在菩薩心真言一切如來蓮華大曼荼羅品
1041,觀自在菩薩心真言一印念誦法
1042,觀自在菩薩大悲智印周遍法界利益眾生薰真如法
1043,請觀世音菩薩消伏毒害陀羅尼呪經
1044,佛說六字呪王經
1045,佛說六字神呪王經
1045,六字神呪王經
1046,六字大陀羅尼呪經
1047,佛說聖六字大明王陀羅尼經
1048,佛說大護明大陀羅尼經
1049,聖六字增壽大明陀羅尼經
1050,佛說大乘莊嚴寶王經
1051,佛說一切佛攝相應大教王經聖觀自在菩薩念誦儀軌
1052,讚觀世音菩薩頌
1053,聖觀自在菩薩功德讚
1054,聖觀自在菩薩一百八名經
1055,佛說聖觀自在菩薩梵讚
1056,金剛頂瑜伽千手千眼觀自在菩薩修行儀軌經
1057,千眼千臂觀世音菩薩陀羅尼神呪經
1057,千眼千臂觀世音菩薩陀羅尼神呪經
1058,千手千眼觀世音菩薩姥陀羅尼身經
1059,千手千眼觀世音菩薩治病合藥經
1060,千手千眼觀世音菩薩廣大圓滿無礙大悲心陀羅尼經
1061,千手千眼觀自在菩薩廣大圓滿無礙大悲心陀羅尼呪本
1062,千手千眼觀世音菩薩大身呪本
1062,世尊聖者千眼千首千足千舌千臂觀自在菩提薩埵怛嚩廣大圓滿無礙大悲心陀羅尼
1063,番大悲神呪
1064,千手千眼觀世音菩薩大悲心陀羅尼
1065,千光眼觀自在菩薩祕密法經
1066,大悲心陀羅尼修行念誦略儀
1067,攝無礙大悲心大陀羅尼經計一法中出無量義南方滿願補陀落海會五部諸尊等弘誓力方位及威儀形色執持三摩耶幖幟曼荼羅儀軌
1068,千手觀音造次第法儀軌
1069,十一面觀自在菩薩心密言念誦儀軌經
1070,佛說十一面觀世音神呪經
1071,十一面神呪心經
1072,聖賀野紇哩縛大威怒王立成大神驗供養念誦儀軌法品
1072,馬頭觀音心陀羅尼
1073,何耶揭唎婆像法
1074,何耶揭唎婆觀世音菩薩受法壇
1075,佛說七俱胝佛母准提大明陀羅尼經
1076,七俱胝佛母所說准提陀羅尼經
1077,佛說七俱胝佛母心大准提陀羅尼經
1078,七佛俱胝佛母心大准提陀羅尼法
1079,七俱胝獨部法
1080,如意輪陀羅尼經
1081,佛說觀自在菩薩如意心陀羅尼呪經
1082,觀世音菩薩祕密藏如意輪陀羅尼神呪經
1083,觀世音菩薩如意摩尼陀羅尼經
1084,觀世音菩薩如意摩尼輪陀羅尼念誦法
1085,觀自在菩薩如意輪念誦儀軌
1086,觀自在菩薩如意輪瑜伽
1087,觀自在如意輪菩薩瑜伽法要
1088,如意輪菩薩觀門義注祕訣
1089,都表如意摩尼轉輪聖王次第念誦祕密最要略法
1090,佛說如意輪蓮華心如來修行觀門儀
1091,七星如意輪祕密要經
1092,不空羂索神變真言經
1093,不空羂索呪經
1094,不空羂索神呪心經
1095,不空羂索呪心經
1096,不空羂索陀羅尼經
1097,不空羂索陀羅尼自在王呪經
1098,佛說不空羂索陀羅尼儀軌經
1099,佛說聖觀自在菩薩不空王祕密心陀羅尼經
1100,葉衣觀自在菩薩經
1101,佛說大方廣曼殊室利經
1102,金剛頂經多羅菩薩念誦法
1103,觀自在菩薩隨心呪經
1103,觀自在菩薩怛嚩多唎隨心陀羅尼經
1104,佛說聖多羅菩薩經
1105,聖多羅菩薩一百八名陀羅尼經
1106,讚揚聖德多羅菩薩一百八名經
1107,聖多羅菩薩梵讚
1108,聖救度佛母二十一種禮讚經
1108,救度佛母二十一種禮讚經
1109,白救度佛母讚
1110,佛說一髻尊陀羅尼經
1111,青頸觀自在菩薩心陀羅尼經
1112,金剛頂瑜伽青頸大悲王觀自在念誦儀軌
1113,觀自在菩薩廣大圓滿無礙大悲心陀羅尼
1113,大慈大悲救苦觀世音自在王菩薩廣大圓滿無礙自在青頸大悲心陀羅尼
1114,毘俱胝菩薩一百八名經
1115,觀自在菩薩阿麼法
1116,廣大蓮華莊嚴曼拏羅滅一切罪陀羅尼經
1117,佛說觀自在菩薩母陀羅尼經
1118,佛說十八臂陀羅尼經
1119,大樂金剛薩埵修行成就儀軌
1120,金剛頂勝初瑜伽經中略出大樂金剛薩埵念誦儀
1120,勝初瑜伽儀軌真言
1121,金剛頂普賢瑜伽大教王經大樂不空金剛薩埵一切時方成就儀
1122,金剛頂瑜伽他化自在天理趣會普賢修行念誦儀軌
1123,金剛頂勝初瑜伽普賢菩薩念誦法
1124,普賢金剛薩埵略瑜伽念誦儀軌
1125,金剛頂瑜伽金剛薩埵五祕密修行念誦儀軌
1126,佛說普賢曼拏羅經
1127,佛說普賢菩薩陀羅尼經
1128,最上大乘金剛大教寶王經
1129,佛說金剛手菩薩降伏一切部多大教王經
1130,大乘金剛髻珠菩薩修行分
1131,聖金剛手菩薩一百八名梵讚
1132,金剛王菩薩祕密念誦儀軌
1133,金剛壽命陀羅尼念誦法
1134,金剛壽命陀羅尼經法
1134,金剛壽命陀羅尼經
1135,佛說一切如來金剛壽命陀羅尼經
1136,佛說一切諸如來心光明加持普賢菩薩延命金剛最勝陀羅尼經
1137,佛說善法方便陀羅尼經
1138,金剛祕密善門陀羅尼呪經
1138,金剛祕密善門陀羅尼經
1139,護命法門神呪經
1140,佛說延壽妙門陀羅尼經
1141,慈氏菩薩略修瑜伽念誦法
1142,佛說慈氏菩薩陀羅尼
1143,佛說慈氏菩薩誓願陀羅尼經
1144,佛說彌勒菩薩發願王偈
1145,虛空藏菩薩能滿諸願最勝心陀羅尼求聞持法
1146,大虛空藏菩薩念誦法
1147,聖虛空藏菩薩陀羅尼經
1148,佛說虛空藏菩薩陀羅尼
1149,五大虛空藏菩薩速疾大神驗祕密式經
1150,轉法輪菩薩摧魔怨敵法
1151,修習般若波羅蜜菩薩觀行念誦儀軌
1152,佛說佛母般若波羅蜜多大明觀想儀軌
1153,普遍光明清淨熾盛如意寶印心無能勝大明王大隨求陀羅尼經
1154,佛說隨求即得大自在陀羅尼神呪經
1155,金剛頂瑜伽最勝祕密成佛隨求即得神變加持成就陀羅尼儀軌
1156,大隨求即得大陀羅尼明王懺悔法
1156,宗叡僧正於唐國師所口受
1157,香王菩薩陀羅尼呪經
1158,地藏菩薩儀軌
1159,峚窖大道心驅策法
1159,佛說地藏菩薩陀羅尼經
1160,日光菩薩月光菩薩陀羅尼
1161,佛說觀藥王藥上二菩薩經
1162,持世陀羅尼經
1163,佛說雨寶陀羅尼經
1164,佛說大乘聖吉祥持世陀羅尼經
1165,聖持世陀羅尼經
1166,馬鳴菩薩大神力無比驗法念誦軌儀
1167,八大菩薩曼荼羅經
1168,佛說大乘八大曼拏羅經
1168,八曼荼羅經
1169,佛說持明藏瑜伽大教尊那菩薩大明成就儀軌經
1170,佛說金剛香菩薩大明成就儀軌經
1171,金剛頂經瑜伽文殊師利菩薩法
1172,金剛頂超勝三界經說文殊五字真言勝相
1173,金剛頂經曼殊室利菩薩五字心陀羅尼品
1174,五字陀羅尼頌
1175,金剛頂經瑜伽文殊師利菩薩供養儀軌
1176,曼殊室利童子菩薩五字瑜伽法
1177,大乘瑜伽金剛性海曼殊室利千臂千鉢大教王經
1177,千鉢文殊一百八名讚
1178,文殊菩薩獻佛陀羅尼名烏蘇吒
1179,文殊師利菩薩六字呪功能法經
1180,六字神呪經
1181,大方廣菩薩藏經中文殊師利根本一字陀羅尼經
1182,曼殊室利菩薩呪藏中一字呪王經
1183,一髻文殊師利童子陀羅尼念誦儀軌
1184,大聖妙吉祥菩薩祕密八字陀羅尼修行曼荼羅次第儀軌法
1185,佛說文殊師利法寶藏陀羅尼經
1185,文殊師利寶藏陀羅尼經
1186,佛說妙吉祥菩薩陀羅尼
1187,佛說最勝妙吉祥根本智最上祕密一切名義三摩地分
1188,文殊所說最勝名義經
1189,佛說文殊菩薩最勝真實名義經
1190,聖妙吉祥真實名經
1191,大方廣菩薩藏文殊師利根本儀軌經
1192,妙吉祥平等祕密最上觀門大教王經
1193,妙吉祥平等瑜伽祕密觀身成佛儀軌
1194,妙吉祥平等觀門大教王經略出護摩儀
1195,大聖文殊師利菩薩讚佛法身禮
1196,曼殊室利菩薩吉祥伽陀
1197,佛說文殊師利一百八名梵讚
1198,聖者文殊師利發菩提心願文
1199,金剛手光明灌頂經最勝立印聖無動尊大威怒王念誦儀軌法品
1200,底哩三昧耶不動尊威怒王使者念誦法
1201,底哩三昧耶不動尊聖者念誦祕密法
1202,不動使者陀羅尼祕密法
1203,聖無動尊安鎮家國等法
1204,聖無動尊一字出生八大童子祕要法品
1205,勝軍不動明王四十八使者祕密成就儀軌
1206,佛說俱利伽羅大龍勝外道伏陀羅尼經
1207,說矩里迦龍王像法
1208,俱力迦羅龍王儀軌
1209,金剛頂瑜伽降三世成就極深密門
1210,降三世忿怒明王念誦儀軌
1211,甘露軍荼利菩薩供養念誦成就儀軌
1212,西方陀羅尼藏中金剛族阿蜜哩多軍吒利法
1213,千臂軍荼利梵字真言
1214,聖閻曼德迦威怒王立成大神驗念誦法
1215,大乘方廣曼殊室利菩薩華嚴本教閻曼德迦忿怒王真言大威德儀軌品
1216,大方廣曼殊室利童真菩薩華嚴本教讚閻曼德迦忿怒王真言阿毘遮嚕迦儀軌品
1217,佛說妙吉祥最勝根本大教經
1218,文殊師利耶曼德迦呪法
1219,曼殊室利焰曼德迦萬愛祕術如意法
1220,金剛藥叉瞋怒王息災大威神驗念誦儀軌
1221,青色大金剛藥叉辟鬼魔法
1222,聖迦抳忿怒金剛童子菩薩成就儀軌經
1222,聖迦柅忿怒金剛童子菩薩成就儀軌經
1223,佛說無量壽佛化身大忿迅俱摩羅金剛念誦瑜伽儀軌法
1224,金剛童子持念經
1225,大威怒烏芻澁麼儀軌經
1226,烏芻澁明王儀軌梵字
1227,大威力烏樞瑟摩明王經
1228,穢跡金剛說神通大滿陀羅尼法術靈要門
1229,穢跡金剛禁百變法經
1230,佛說大輪金剛總持陀羅尼經
1231,大輪金剛修行悉地成就及供養法
1232,播般曩結使波金剛念誦儀
1233,佛說無能勝大明王陀羅尼經
1234,無能勝大明陀羅尼經
1235,無能勝大明心陀羅尼經
1236,聖無能勝金剛火陀羅尼經
1237,阿吒婆拘鬼神大將上佛陀羅尼神呪經
1238,阿吒婆鬼神大將上佛陀羅尼經
1239,阿吒薄俱元帥大將上佛陀羅尼經修行儀軌
1240,阿吒薄牛句付囑呪
1241,伽馱金剛真言
1242,佛說妙吉祥瑜伽大教金剛陪囉嚩輪觀想成就儀軌經
1243,佛說出生一切如來法眼遍照大力明王經
1244,毘沙門天王經
1245,佛說毘沙門天王經
1246,摩訶吠室囉末那野提婆喝囉闍陀羅尼儀軌
1247,北方毘沙門天王隨軍護法儀軌
1248,北方毘沙門天王隨軍護法真言
1249,毘沙門儀軌
1250,北方毘沙門多聞寶藏天王神妙陀羅尼別行儀軌
1251,吽迦陀野儀軌
1252,佛說大吉祥天女十二名號經
1252,佛說大吉祥天女十二名號經
1253,大吉祥天女十二契一百八名無垢大乘經
1254,末利支提婆華鬘經
1255,佛說摩利支天菩薩陀羅尼經
1255,佛說摩利支天經
1256,佛說摩利支天陀羅尼呪經
1257,佛說大摩里支菩薩經
1258,摩利支菩薩略念誦法
1259,摩利支天一印法
1260,大藥叉女歡喜母并愛子成就法
1261,訶利帝母真言經
1262,佛說鬼子母經
1263,氷揭羅天童子經
1264,觀自在菩薩化身蘘麌哩曳童女銷伏毒害陀羅尼經
1264,佛說穰麌梨童女經
1265,佛說常瞿利毒女陀羅尼呪經
1266,大聖天歡喜雙身毘那夜迦法
1267,使呪法經
1268,大使呪法經
1269,佛說金色迦那鉢底陀羅尼經
1270,大聖歡喜雙身大自在天毘那夜迦王歸依念誦供養法
1271,摩訶毘盧遮那如來定惠均等入三昧耶身雙身大聖歡喜天菩薩修行祕密法儀軌
1272,金剛薩埵說頻那夜迦天成就儀軌經
1273,毘那夜迦誐那鉢底瑜伽悉地品祕要
1274,大聖歡喜雙身毘那夜迦天形像品儀軌
1275,聖歡喜天式法
1276,文殊師利菩薩根本大教王經金翅鳥王品
1277,速疾立驗魔醯首羅天說阿尾奢法
1278,迦樓羅及諸天密言經
1279,摩醯首羅天法要
1280,摩醯首羅大自在天王神通化生伎藝天女念誦法
1281,那羅延天共阿修羅王鬪戰法
1282,寶藏天女陀羅尼法
1283,佛說寶藏神大明曼拏羅儀軌經
1284,佛說聖寶藏神儀軌經
1285,佛說寶賢陀羅尼經
1286,堅牢地天儀軌
1287,大黑天神法
1288,佛說最上祕密那拏天經
1289,佛說金毘羅童子威德經
1290,焰羅王供行法次第
1291,深沙大將儀軌
1292,法華十羅剎法
1293,般若守護十六善神王形體
1294,施八方天儀則
1295,供養護世八天法
1296,十天儀軌
1297,供養十二大威德天報恩品
1298,十二天供儀軌
1299,文殊師利菩薩及諸仙所說吉凶時日善惡宿曜經
1300,摩登伽經
1301,舍頭諫太子二十八宿經
1302,諸星母陀羅尼經
1303,佛說聖曜母陀羅尼經
1304,宿曜儀軌
1305,北斗七星念誦儀軌
1306,北斗七星護摩祕要儀軌
1307,佛說北斗七星延命經
1308,七曜攘災決
1309,七曜星辰別行法
1310,北斗七星護摩法
1311,梵天火羅九曜
1312,難儞計濕嚩囉天說支輪經
1313,佛說救拔焰口餓鬼陀羅尼經
1314,佛說救面然餓鬼陀羅尼神呪經
1315,施諸餓鬼飲食及水法
1316,佛說甘露經陀羅尼呪
1317,甘露陀羅尼呪
1318,瑜伽集要救阿難陀羅尼焰口軌儀經
1319,瑜伽集要焰口施食起教阿難陀緣由
1320,瑜伽集要焰口施食儀
1321,佛說施餓鬼甘露味大陀羅尼經
1322,新集浴像儀軌
1323,除一切疾病陀羅尼經
1324,能淨一切眼疾病陀羅尼經
1325,佛說療痔病經
1326,佛說呪時氣病經
1327,佛說呪齒經
1328,佛說呪目經
1329,佛說呪小兒經
1330,囉嚩拏說救療小兒疾病經
1331,佛說灌頂經
1332,七佛八菩薩所說大陀羅尼神呪經
1333,虛空藏菩薩問七佛陀羅尼呪經
1334,如來方便善巧呪經
1335,大吉義神呪經
1336,陀羅尼雜集
1337,種種雜呪經
1338,呪三首經
1339,大方等陀羅尼經
1340,大法炬陀羅尼經
1341,大威德陀羅尼經
1342,佛說無崖際總持法門經
1343,尊勝菩薩所問一切諸法入無量門陀羅尼經
1344,金剛上味陀羅尼經
1345,金剛場陀羅尼經
1346,諸佛集會陀羅尼經
1347,息除中夭陀羅尼經
1348,佛說十二佛名神呪校量功德除障滅罪經
1349,佛說稱讚如來功德神呪經
1350,佛說一切如來名號陀羅尼經
1351,佛說持句神呪經
1352,佛說陀隣尼鉢經
1353,東方最勝燈王陀羅尼經
1354,東方最勝燈王如來經
1355,佛說聖最上燈明如來陀羅尼經
1356,佛說華積陀羅尼神呪經
1357,佛說師子奮迅菩薩所問經
1358,佛說花聚陀羅尼呪經
1359,佛說花積樓閣陀羅尼經
1360,六門陀羅尼經
1361,六門陀羅尼經論
1362,佛說善夜經
1363,勝幢臂印陀羅尼經
1364,妙臂印幢陀羅尼經
1365,八名普密陀羅尼經
1366,佛說祕密八名陀羅尼經
1367,佛說大普賢陀羅尼經
1368,佛說大七寶陀羅尼經
1369,百千印陀羅尼經
1369,百千印陀羅尼經
1370,佛說持明藏八大總持王經
1371,佛說聖大總持王經
1372,增慧陀羅尼經
1373,佛說施一切無畏陀羅尼經
1374,佛說一切功德莊嚴王經
1375,佛說莊嚴王陀羅尼呪經
1376,佛說聖莊嚴陀羅尼經
1377,佛說寶帶陀羅尼經
1378,佛說玄師颰陀所說神呪經
1378,幻師颰陀神呪經
1379,佛說大愛陀羅尼經
1380,佛說善樂長者經
1381,佛說大吉祥陀羅尼經
1382,佛說宿命智陀羅尼
1383,佛說宿命智陀羅尼經
1384,佛說鉢蘭那賒嚩哩大陀羅尼經
1385,佛說俱枳羅陀羅尼經
1386,佛說妙色陀羅尼經
1387,佛說栴檀香身陀羅尼經
1388,佛說無畏陀羅尼經
1389,佛說無量壽大智陀羅尼
1390,佛說洛叉陀羅尼經
1391,佛說檀特羅麻油述經
1392,大寒林聖難拏陀羅尼經
1393,佛說摩尼羅亶經
1394,佛說安宅神呪經
1395,拔濟苦難陀羅尼經
1396,佛說拔除罪障呪王經
1397,智炬陀羅尼經
1398,佛說智光滅一切業障陀羅尼經
1399,佛說滅除五逆罪大陀羅尼經
1400,佛說消除一切災障寶髻陀羅尼經
1401,佛說大金剛香陀羅尼經
1402,消除一切閃電障難隨求如意陀羅尼經
1403,佛說如意摩尼陀羅尼經
1404,佛說如意寶總持王經
1405,佛說息除賊難陀羅尼經
1406,佛說辟除賊害呪經
1407,佛說辟除諸惡陀羅尼經
1408,佛說最上意陀羅尼經
1409,佛說聖最勝陀羅尼經
1410,佛說勝幡瓔珞陀羅尼經
1411,佛說蓮華眼陀羅尼經
1412,佛說寶生陀羅尼經
1413,佛說尊勝大明王經
1414,佛說金身陀羅尼經
1415,大金剛妙高山樓閣陀羅尼
1416,金剛摧碎陀羅尼
1417,佛說壞相金剛陀羅尼經
1418,佛說一切如來安像三昧儀軌經
1419,佛說造像量度經解
1420,龍樹五明論
1421,彌沙塞部和醯五分律
1422,彌沙塞五分戒本
1422,五分戒本
1423,五分比丘尼戒本
1424,彌沙塞羯磨本
1425,摩訶僧祇律
1426,摩訶僧祇律大比丘戒本
1427,摩訶僧祇比丘尼戒本
1428,四分律
1429,四分律比丘戒本
1430,四分僧戒本
1431,四分比丘尼戒本
1432,曇無德律部雜羯磨
1433,羯磨
1434,四分比丘尼羯磨法
1435,十誦律
1436,十誦比丘波羅提木叉戒本
1437,十誦比丘尼波羅提木叉戒本
1438,大沙門百一羯磨法
1439,十誦羯磨比丘要用
1440,薩婆多毘尼毘婆沙
1441,薩婆多部毘尼摩得勒伽
1442,根本說一切有部毘奈耶
1443,根本說一切有部苾芻尼毘奈耶
1444,根本說一切有部毘奈耶出家事
1445,根本說一切有部毘奈耶安居事
1446,根本說一切有部毘奈耶隨意事
1447,根本說一切有部毘奈耶皮革事
1448,根本說一切有部毘奈耶藥事
1449,根本說一切有部毘奈耶羯恥那衣事
1450,根本說一切有部毘奈耶破僧事
1451,根本說一切有部毘奈耶雜事
1452,根本說一切有部尼陀那目得迦
1453,根本說一切有部百一羯磨
1454,根本說一切有部戒經
1455,根本說一切有部苾芻尼戒經
1456,根本說一切有部毘奈耶尼陀那目得迦攝頌
1457,根本說一切有部略毘奈耶雜事攝頌
1458,根本薩婆多部律攝
1459,根本說一切有部毘奈耶頌
1460,解脫戒經
1461,律二十二明了論
1462,善見律毘婆沙
1463,毘尼母經
1464,鼻奈耶
1465,舍利弗問經
1466,優波離問佛經
1467,佛說犯戒罪報輕重經
1467,佛說犯戒罪報輕重經
1468,佛說目連所問經
1469,佛說迦葉禁戒經
1470,大比丘三千威儀
1471,沙彌十戒法并威儀
1472,沙彌威儀
1473,佛說沙彌十戒儀則經
1474,沙彌尼戒經
1475,沙彌尼離戒文
1476,佛說優婆塞五戒相經
1477,佛說戒消災經
1478,大愛道比丘尼經
1479,佛說苾芻五法經
1480,佛說苾芻迦尸迦十法經
1481,佛說五恐怖世經
1482,佛阿毘曇經出家相品
1483,佛說目連問戒律中五百輕重事
1483,佛說目連問戒律中五百輕重事經
1484,梵網經
1485,菩薩瓔珞本業經
1486,受十善戒經
1487,佛說菩薩內戒經
1488,優婆塞戒經
1489,清淨毘尼方廣經
1490,寂調音所問經
1491,菩薩藏經
1492,佛說舍利弗悔過經
1493,大乘三聚懺悔經
1494,佛說淨業障經
1495,善恭敬經
1496,佛說正恭敬經
1497,佛說大乘戒經
1498,佛說八種長養功德經
1499,菩薩戒羯磨文
1500,菩薩戒本
1501,菩薩戒本
1502,菩薩受齋經
1503,優婆塞五戒威儀經
1504,菩薩五法懺悔文
1505,四阿鋡暮抄解
1506,三法度論
1507,分別功德論
1508,阿含口解十二因緣經
1509,大智度論
1510,金剛般若論
1510,金剛般若波羅蜜經論
1511,金剛般若波羅蜜經論
1512,金剛仙論
1513,能斷金剛般若波羅蜜多經論釋
1514,能斷金剛般若波羅蜜多經論頌
1515,金剛般若波羅蜜經破取著不壞假名論
1516,聖佛母般若波羅蜜多九頌精義論
1517,佛母般若波羅蜜多圓集要義釋論
1518,佛母般若波羅蜜多圓集要義論
1519,妙法蓮華經憂波提舍
1520,妙法蓮華經論優波提舍
1521,十住毘婆沙論
1522,十地經論
1523,大寶積經論
1524,無量壽經優波提舍
1525,彌勒菩薩所問經論
1526,寶髻經四法憂波提舍
1527,涅槃論
1528,涅槃經本有今無偈論
1529,遺教經論
1530,佛地經論
1531,文殊師利菩薩問菩提經論
1532,勝思惟梵天所問經論
1533,轉法輪經憂波提舍
1534,三具足經憂波提舍
1535,大乘四法經釋
1536,阿毘達磨集異門足論
1537,阿毘達磨法蘊足論
1538,施設論
1539,阿毘達磨識身足論
1540,阿毘達磨界身足論
1541,眾事分阿毘曇論
1542,阿毘達磨品類足論
1543,阿毘曇八犍度論
1544,阿毘達磨發智論
1545,阿毘達磨大毘婆沙論
1546,阿毘曇毘婆沙論
1547,鞞婆沙論
1548,舍利弗阿毘曇論
1549,尊婆須蜜菩薩所集論
1550,阿毘曇心論
1551,阿毘曇心論經
1552,雜阿毘曇心論
1553,阿毘曇甘露味論
1554,入阿毘達磨論
1555,五事毘婆沙論
1556,薩婆多宗五事論
1557,阿毘曇五法行經
1558,阿毘達磨俱舍論
1559,阿毘達磨俱舍釋論
1560,阿毘達磨俱舍論本頌
1561,俱舍論實義疏
1562,阿毘達磨順正理論
1563,阿毘達磨藏顯宗論
1564,中論
1565,順中論
1566,般若燈論釋
1567,大乘中觀釋論
1568,十二門論
1569,百論
1570,廣百論本
1571,大乘廣百論釋論
1572,百字論
1573,壹輸盧迦論
1574,大乘破有論
1575,六十頌如理論
1576,大乘二十頌論
1577,大丈夫論
1578,大乘掌珍論
1579,瑜伽師地論
1580,瑜伽師地論釋
1581,菩薩地持經
1582,菩薩善戒經
1583,菩薩善戒經
1584,決定藏論
1585,成唯識論
1586,唯識三十論頌
1587,轉識論
1588,唯識論
1589,大乘唯識論
1590,唯識二十論
1591,成唯識寶生論
1592,攝大乘論
1593,攝大乘論
1594,攝大乘論本
1595,攝大乘論釋
1596,攝大乘論釋論
1597,攝大乘論釋
1598,攝大乘論釋
1599,中邊分別論
1600,辯中邊論
1601,辯中邊論頌
1602,顯揚聖教論
1603,顯揚聖教論頌
1604,大乘莊嚴經論
1605,大乘阿毘達磨集論
1606,大乘阿毘達磨雜集論
1607,六門教授習定論
1608,業成就論
1609,大乘成業論
1610,佛性論
1611,究竟一乘寶性論
1612,大乘五蘊論
1613,大乘廣五蘊論
1614,大乘百法明門論
1615,王法正理論
1616,十八空論
1617,三無性論
1618,顯識論
1619,無相思塵論
1620,解捲論
1621,掌中論
1622,取因假設論
1623,觀總相論頌
1624,觀所緣緣論
1625,觀所緣論釋
1626,大乘法界無差別論
1627,大乘法界無差別論
1628,因明正理門論本
1629,因明正理門論
1630,因明入正理論
1631,迴諍論
1632,方便心論
1633,如實論
1634,入大乘論
1635,大乘寶要義論
1636,大乘集菩薩學論
1637,集大乘相論
1638,集諸法寶最上義論
1639,提婆菩薩破楞伽經中外道小乘四宗論
1640,提婆菩薩釋楞伽經中外道小乘涅槃論
1641,隨相論
1642,金剛針論
1643,尼乾子問無我義經
1644,佛說立世阿毘曇論
1645,彰所知論
1646,成實論
1647,四諦論
1648,解脫道論
1649,三彌底部論
1650,辟支佛因緣論
1651,十二因緣論
1652,緣生論
1653,大乘緣生論
1654,因緣心論頌因緣心論釋
1655,止觀門論頌
1656,寶行王正論
1657,手杖論
1658,諸教決定名義論
1659,發菩提心經論
1660,菩提資糧論
1661,菩提心離相論
1662,菩提行經
1663,菩提心觀釋
1664,廣釋菩提心論
1665,金剛頂瑜伽中發阿耨多羅三藐三菩提心論
1666,大乘起信論
1667,大乘起信論
1668,釋摩訶衍論
1669,大宗地玄文本論
1670,那先比丘經
1670,那先比丘經
1671,福蓋正行所集經
1672,龍樹菩薩為禪陀迦王說法要偈
1673,勸發諸王要偈
1674,龍樹菩薩勸誡王頌
1675,讚法界頌
1676,廣大發願頌
1677,三身梵讚
1678,佛三身讚
1679,佛一百八名讚
1680,一百五十讚佛頌
1681,佛吉祥德讚
1682,七佛讚唄伽他
1683,犍稚梵讚
1684,八大靈塔梵讚
1685,佛說八大靈塔名號經
1686,賢聖集伽陀一百頌
1687,事師法五十頌
1688,密跡力士大權神王經偈頌
1689,請賓頭盧法
1690,賓頭盧突羅闍為優陀延王說法經
1691,迦葉仙人說醫女人經
1692,勝軍化世百喻伽他經
1693,人本欲生經註
1694,陰持入經註
1695,大般若波羅蜜多經般若理趣分述讚
1696,大品經遊意
1697,大慧度經宗要
1698,金剛般若經疏
1699,金剛般若疏
1700,金剛般若經贊述
1701,金剛般若經疏論纂要
1702,金剛經纂要刊定記
1703,金剛般若波羅蜜經註解
1704,金剛般若波羅蜜經略疏
1705,仁王護國般若經疏
1706,仁王護國般若波羅蜜經疏神寶記
1707,仁王般若經疏
1708,仁王經疏
1709,仁王護國般若波羅蜜多經疏
1710,般若波羅蜜多心經幽贊
1711,般若波羅蜜多心經贊
1712,般若波羅蜜多心經略疏
1713,般若心經略疏連珠記
1714,般若波羅蜜多心經註解
1715,法華經義記
1716,妙法蓮華經玄義
1717,法華玄義釋籤
1718,妙法蓮華經文句
1719,法華文句記
1720,法華玄論
1721,法華義疏
1722,法華遊意
1723,妙法蓮華經玄贊
1724,法華玄贊義決
1725,法華宗要
1726,觀音玄義
1727,觀音玄義記
1728,觀音義疏
1729,觀音義疏記
1730,金剛三昧經論
1731,華嚴遊意
1732,大方廣佛華嚴經搜玄分齊通智方軌
1733,華嚴經探玄記
1734,花嚴經文義綱目
1735,大方廣佛華嚴經疏
1736,大方廣佛華嚴經隨疏演義鈔
1737,大華嚴經略策
1738,新譯華嚴經七處九會頌釋章
1739,新華嚴經論
1740,大方廣佛華嚴經中卷卷大意略敘
1741,略釋新華嚴經修行次第決疑論
1742,大方廣佛華嚴經願行觀門骨目
1743,皇帝降誕日於麟德殿講大方廣佛華嚴經玄義一部
1744,勝鬘寶窟
1745,無量壽經義疏
1746,無量壽經義疏
1747,兩卷無量壽經宗要
1748,無量壽經連義述文贊
1749,觀無量壽經義疏
1750,觀無量壽佛經疏
1751,觀無量壽佛經疏妙宗鈔
1752,觀無量壽經義疏
1753,觀無量壽佛經疏
1754,觀無量壽佛經義疏
1755,阿彌陀經義記
1756,阿彌陀經義述
1757,阿彌陀經疏
1758,阿彌陀經通贊疏
1759,阿彌陀經疏
1760,阿彌陀經疏
1761,阿彌陀經義疏
1762,阿彌陀經要解
1763,大般涅槃經集解
1764,大般涅槃經義記
1765,大般涅槃經玄義
1766,涅槃玄義發源機要
1767,大般涅槃經疏
1768,涅槃經遊意
1769,涅槃宗要
1770,本願藥師經古迹
1771,彌勒經遊意
1772,觀彌勒上生兜率天經贊
1773,彌勒上生經宗要
1774,三彌勒經疏
1775,注維摩詰經
1776,維摩義記
1777,維摩經玄疏
1778,維摩經略疏
1779,維摩經略疏垂裕記
1780,淨名玄論
1781,維摩經義疏
1782,說無垢稱經疏
1783,金光明經玄義
1784,金光明經玄義拾遺記
1785,金光明經文句
1786,金光明經文句記
1787,金光明經疏
1788,金光明最勝王經疏
1789,楞伽阿跋多羅寶經註解
1790,入楞伽心玄義
1791,注大乘入楞伽經
1792,佛說盂蘭盆經疏
1793,溫室經義記
1794,註四十二章經
1795,大方廣圓覺修多羅了義經略疏
1796,大毘盧遮那成佛經疏
1797,大毘盧遮那經供養次第法疏
1798,金剛頂經大瑜伽祕密心地法門義訣
1799,首楞嚴義疏注經
1800,請觀音經疏
1801,請觀音經疏闡義鈔
1802,十一面神呪心經義疏
1803,佛頂尊勝陀羅尼經教跡義記
1804,四分律刪繁補闕行事鈔
1805,四分律行事鈔資持記
1806,四分律比丘含注戒本
1807,四分比丘戒本疏
1808,四分律刪補隨機羯磨
1809,僧羯磨
1810,尼羯磨
1811,菩薩戒義疏
1812,天台菩薩戒疏
1813,梵網經菩薩戒本疏
1814,菩薩戒本疏
1815,梵網經古迹記
1816,金剛般若論會釋
1817,略明般若末後一頌讚述
1818,法華論疏
1819,無量壽經優婆提舍願生偈註
1820,佛遺教經論疏節要
1821,俱舍論記
1822,俱舍論疏
1823,俱舍論頌疏論本
1824,中觀論疏
1825,十二門論疏
1826,十二門論宗致義記
1827,百論疏
1828,瑜伽論記
1829,瑜伽師地論略纂
1830,成唯識論述記
1831,成唯識論掌中樞要
1832,成唯識論了義燈
1833,成唯識論演祕
1834,唯識二十論述記
1835,辯中邊論述記
1836,大乘百法明門論解
1837,大乘百法明門論疏
1838,大乘法界無差別論疏
1839,理門論述記
1840,因明入正理論疏
1841,因明義斷
1842,因明入正理論義纂要
1843,大乘起信論義疏
1844,起信論疏
1845,大乘起信論別記
1846,大乘起信論義記
1847,大乘起信論義記別記
1848,起信論疏筆削記
1849,大乘起信論內義略探記
1850,大乘起信論裂網疏
1851,大乘義章
1852,三論玄義
1853,大乘玄論
1854,二諦義
1855,三論遊意義
1856,鳩摩羅什法師大義
1857,寶藏論
1858,肇論
1859,肇論疏
1860,肇論新疏
1861,大乘法苑義林章
1862,勸發菩提心集
1863,能顯中邊慧日論
1864,大乘入道次第
1865,八識規矩補註
1866,華嚴一乘教義分齊章
1867,華嚴五教止觀
1868,華嚴一乘十玄門
1869,華嚴五十要問答
1870,華嚴經內章門等雜孔目章
1871,華嚴經旨歸
1872,華嚴策林
1873,華嚴經問答
1874,華嚴經明法品內立三寶章
1875,華嚴經義海百門
1876,修華嚴奧旨妄盡還源觀
1877,華嚴遊心法界記
1878,華嚴發菩提心章
1879,華嚴經關脈義記
1879,華嚴關脈義記
1880,金師子章雲間類解
1881,華嚴經金師子章註
1882,三聖圓融觀門
1883,華嚴法界玄鏡
1884,註華嚴法界觀門
1885,註華嚴經題法界觀門頌
1886,原人論
1887,華嚴一乘法界圖
1887,法界圖記叢髓錄
1888,解迷顯智成悲十明論
1889,海印三昧論
1890,華嚴一乘成佛妙義
1891,文殊指南圖讚
1892,關中創立戒壇圖經
1893,淨心戒觀法
1894,釋門章服儀
1895,量處輕重儀
1896,釋門歸敬儀
1897,教誡新學比丘行護律儀
1898,律相感通傳
1899,中天竺舍衛國祇洹寺圖經
1900,佛制比丘六物圖
1901,護命放生軌儀法
1902,受用三水要行法
1903,說罪要行法
1904,根本說一切有部出家授近圓羯磨儀範
1905,根本說一切有部苾芻習學略法
1906,菩薩戒本宗要
1907,菩薩戒本持犯要記
1908,大乘六情懺悔
1909,慈悲道場懺法
1910,慈悲水懺法
1911,摩訶止觀
1912,止觀輔行傳弘決
1913,止觀義例
1914,止觀大意
1915,修習止觀坐禪法要
1916,釋禪波羅蜜次第法門
1917,六妙法門
1918,四念處
1919,天台智者大師禪門口訣
1920,觀心論
1921,觀心論疏
1922,釋摩訶般若波羅蜜經覺意三昧
1923,諸法無諍三昧法門
1924,大乘止觀法門
1925,法界次第初門
1926,法華經安樂行義
1927,十不二門
1928,十不二門指要鈔
1929,四教義
1930,天台八教大意
1931,天台四教儀
1932,金剛錍
1933,南嶽思大禪師立誓願文
1934,國清百錄
1935,法智遺編觀心二百問
1936,四明十義書
1937,四明尊者教行錄
1938,天台傳佛心印記
1939,教觀綱宗
1940,方等三昧行法
1941,法華三昧懺儀
1942,法華三昧行事運想補助儀
1943,略法華三昧補助儀
1944,禮法華經儀式
1945,金光明懺法補助儀
1946,金光明最勝懺儀
1947,釋迦如來涅槃禮讚文
1948,天台智者大師齋忌禮讚文
1949,請觀世音菩薩消伏毒害陀羅尼三昧儀
1950,千手眼大悲心呪行法
1951,熾盛光道場念誦儀
1952,觀自在菩薩如意輪呪課法
1953,菩提心義
1954,明佛法根本碑
1955,顯密圓通成佛心要集
1956,密呪圓因往生集
1957,略論安樂淨土義
1958,安樂集
1959,觀念阿彌陀佛相海三昧功德法門
1960,釋淨土群疑論
1961,淨土十疑論
1962,五方便念佛門
1963,淨土論
1964,西方要決釋疑通規
1965,遊心安樂道
1966,念佛鏡
1967,念佛三昧寶王論
1968,往生淨土決疑行願二門
1969,樂邦文類
1969,樂邦遺稿
1970,龍舒增廣淨土文
1971,淨土境觀要門
1972,淨土或問
1973,廬山蓮宗寶鑑
1974,寶王三昧念佛直指
1975,淨土生無生論
1976,西方合論
1977,淨土疑辨
1978,讚阿彌陀佛偈
1979,轉經行道願往生淨土法事讚
1980,往生禮讚偈
1981,依觀經等明般舟三昧行道往生讚
1982,集諸經禮懺儀
1983,淨土五會念佛略法事儀讚
1984,往生淨土懺願儀
1985,鎮州臨濟慧照禪師語錄
1986,筠州洞山悟本禪師語錄
1986,瑞州洞山良价禪師語錄
1987,撫州曹山元證禪師語錄
1987,撫州曹山本寂禪師語錄
1988,雲門匡真禪師廣錄
1989,潭州溈山靈祐禪師語錄
1990,袁州仰山慧寂禪師語錄
1991,金陵清涼院文益禪師語錄
1992,汾陽無德禪師語錄
1993,黃龍慧南禪師語錄
1994,楊岐方會和尚語錄
1994,楊岐方會和尚後錄
1995,法演禪師語錄
1996,明覺禪師語錄
1997,圓悟佛果禪師語錄
1998,大慧普覺禪師語錄
1998,大慧普覺禪師宗門武庫
1999,密菴和尚語錄
2000,虛堂和尚語錄
2001,宏智禪師廣錄
2002,如淨和尚語錄
2002,天童山景德寺如淨禪師續語錄
2003,佛果圜悟禪師碧巖錄
2004,萬松老人評唱天童覺和尚頌古從容庵錄
2005,無門關
2006,人天眼目
2007,南宗頓教最上大乘摩訶般若波羅蜜經六祖惠能大師於韶州大梵寺施法壇經
2008,六祖大師法寶壇經
2009,少室六門
2010,信心銘
2011,最上乘論
2012,黃檗山斷際禪師傳心法要
2012,黃檗斷際禪師宛陵錄
2013,禪宗永嘉集
2014,永嘉證道歌
2015,禪源諸詮集都序
2016,宗鏡錄
2017,萬善同歸集
2018,永明智覺禪師唯心訣
2019,真心直說
2019,誡初心學人文
2020,高麗國普照禪師修心訣
2021,禪宗決疑集
2022,禪林寶訓
2023,緇門警訓
2024,禪關策進
2025,勅修百丈清規
2026,撰集三藏及雜藏傳
2027,迦葉結經
2028,迦丁比丘說當來變經
2029,佛使比丘迦旃延說法沒盡偈百二十章
2030,大阿羅漢難提蜜多羅所說法住記
2031,異部宗輪論
2032,十八部論
2033,部執異論
2034,歷代三寶紀
2035,佛祖統紀
2036,佛祖歷代通載
2037,釋氏稽古略
2038,釋鑑稽古略續集
2039,三國遺事
2040,釋迦譜
2041,釋迦氏譜
2042,阿育王傳
2043,阿育王經
2044,天尊說阿育王譬喻經
2045,阿育王息壞目因緣經
2046,馬鳴菩薩傳
2047,龍樹菩薩傳
2047,龍樹菩薩傳
2048,提婆菩薩傳
2049,婆藪槃豆法師傳
2050,隋天台智者大師別傳
2051,唐護法沙門法琳別傳
2052,大唐故三藏玄奘法師行狀
2053,大唐大慈恩寺三藏法師傳
2054,唐大薦福寺故寺主翻經大德法藏和尚傳
2055,玄宗朝翻經三藏善無畏贈鴻臚卿行狀
2056,大唐故大德贈司空大辨正廣智不空三藏行狀
2057,大唐青龍寺三朝供奉大德行狀
2058,付法藏因緣傳
2059,高僧傳
2060,續高僧傳
2061,宋高僧傳
2062,大明高僧傳
2063,比丘尼傳
2064,神僧傳
2065,海東高僧傳
2066,大唐西域求法高僧傳
2067,弘贊法華傳
2068,法華傳記
2069,天台九祖傳
2070,往生西方淨土瑞應傳
2071,淨土往生傳
2072,往生集
2073,華嚴經傳記
2074,大方廣佛華嚴經感應傳
2075,曆代法寶記
2076,景德傳燈錄
2077,續傳燈錄
2078,傳法正宗記
2079,傳法正宗定祖圖
2080,傳法正宗論
2081,兩部大法相承師資付法記
2082,冥報記
2083,釋門自鏡錄
2084,三寶感應要略錄
2085,高僧法顯傳
2086,北魏僧惠生使西域記
2087,大唐西域記
2088,釋迦方志
2089,遊方記抄
2090,釋迦牟尼如來像法滅盡之記
2091,燉煌錄
2092,洛陽伽藍記
2093,寺塔記
2094,梁京寺記
2095,廬山記
2096,天台山記
2097,南嶽總勝集
2098,古清涼傳
2099,廣清涼傳
2100,續清涼傳
2101,補陀洛迦山傳
2102,弘明集
2103,廣弘明集
2104,集古今佛道論衡
2105,續集古今佛道論衡
2106,集神州三寶感通錄
2107,道宣律師感通錄
2108,集沙門不應拜俗等事
2109,破邪論
2110,辯正論
2111,十門辯惑論
2112,甄正論
2113,北山錄
2114,護法論
2115,鐔津文集
2116,辯偽錄
2117,三教平心論
2118,折疑論
2119,寺沙門玄奘上表記
2120,代宗朝贈司空大辨正廣智三藏和上表制集
2121,經律異相
2122,法苑珠林
2123,諸經要集
2124,法門名義集
2125,南海寄歸內法傳
2126,大宋僧史略
2127,釋氏要覽
2128,一切經音義
2129,續一切經音義
2130,翻梵語
2131,翻譯名義集
2132,悉曇字記
2133,梵語千字文
2133,梵語千字文
2134,唐梵文字
2135,梵語雜名
2136,唐梵兩語雙對集
2137,金七十論
2138,勝宗十句義論
2139,老子化胡經
2140,摩尼教下部讚
2141,摩尼光佛教法儀略
2141,波斯教殘經
2142,序聽迷詩所經
2143,景教三威蒙度讚
2144,大秦景教流行中國碑頌
2145,出三藏記集
2146,眾經目錄
2147,眾經目錄
2148,眾經目錄
2149,大唐內典錄
2150,續大唐內典錄
2151,古今譯經圖紀
2152,續古今譯經圖紀
2153,大周刊定眾經目錄
2154,開元釋教錄
2155,開元釋教錄略出
2156,大唐貞元續開元釋教錄
2157,貞元新定釋教目錄
2158,續貞元釋教錄
2159,傳教大師將來台州錄
2160,傳教大師將來越州錄
2161,御請來目錄
2162,根本大和尚真跡策子等目錄
2163,常曉和尚請來目錄
2164,靈巖寺和尚請來法門道具等目錄
2165,日本國承和五年入唐求法目錄
2166,慈覺大師在唐送進錄
2167,入唐新求聖教目錄
2168,惠運禪師將來教法目錄
2169,開元寺求得經疏記等目錄
2170,福州溫州台州求得經律論疏記外書等目錄
2171,青龍寺求法目錄
2172,日本比丘圓珍入唐求法目錄
2173,智證大師請來目錄
2174,新書寫請來法門等目錄
2174,禪林寺宗叡僧正目錄
2175,錄外經等目錄
2176,諸阿闍梨真言密教部類總錄
2177,華嚴宗章疏并因明錄
2178,天台宗章疏
2179,三論宗章疏
2180,法相宗章疏
2181,注進法相宗章疏
2182,律宗章疏
2183,東域傳燈目錄
2184,新編諸宗教藏總錄
