CSZJJ,Taisho No.,terminology,error,notes
放光經,T 221 (1),"放光般若經,三藏,摩訶般若波羅蜜,聞如是,佛,羅閱祇耆闍崛山,比丘,阿羅漢,諸漏,無垢,大龍,正解,比丘尼,優婆塞,優婆夷,菩薩,摩訶薩,陀隣尼,空行三昧,無相,無願,藏,等忍,無罣礙陀隣尼門,五通,深法忍,精進力,魔行,死地,阿僧祇劫,如幻,如夢,如響,如光,如影,如化,如水中泡,如鏡中像,如熱時炎,如水中月,眾生,微妙慧,持忍,佛國,說法,諸見,三昧,補處,世尊,高座,結跏趺坐,定意三昧,三昧王,天眼,千輻相輪光明,肉髻,三千大千國土,恒邊沙,無上正真道意,如來,無所著,等正覺,法,廣長舌,千葉寶華,六度無極,師子座三昧,師子遊戲,神足,六反震動,地獄,餓鬼,蠕動之類,八難處,天上,人中,第六天,識宿命,稽首,三惡趣,離對苦,十善,淳修梵事,澹然快樂,第三禪,智,師子床,須彌,首陀會天,梵天,第六天王,釋天,四王天,幢幡,繒綵華蓋,閻浮提,沙訶國土,釋迦文佛,般若波羅蜜,普明,總持,律行,忍界,比丘僧,諸天魔梵,諸龍鬼神,沙門,婆羅門,新發意者,舍利弗,檀波羅蜜,尸波羅蜜,羼提波羅蜜,惟逮波羅蜜,禪波羅蜜,四意止,四意斷,四神足,五根,五力,七覺意,賢聖八品道,空三昧,無相三昧,無願三昧,四禪,四等,四無形三昧,八解禪,九次第禪,九相,新死相,筋纏束薪相,青瘀相,膿相,血相,食不消相,骨節分離相,久骨相,燒焦可惡相,念佛,志法,志比丘僧,施戒,安般守意,無常,苦,空,無我人想,無所樂想,無生滅想,無道想,無盡想,無所起想,善想,法想,覺意三昧,無畏三昧,有想有畏,無想無畏,亦無想亦無畏,八患,十二衰,佛十力,十八法,四無所畏,四無礙慧,大慈大悲,薩云若,生死習緒,聲聞,辟支佛,阿惟越致地,六通,陀隣尼三昧門,眾智門,智慧,解脫,見解脫慧,大士三十二相,八十種好,菩薩種姓,鳩摩羅浮,供養諸佛,六波羅蜜,正至佛,佛剎,內空,外空,大空,最空,空空,有為空,無為空,至竟空,無限空,所有空,自性空,一切諸法空,無所猗空,無所有空,法如,法性,真際,劫盡燒時,須彌大山,泥洹,尊者家,梵志大姓家,迦羅越家,空無形禪,須陀洹,斯陀含,阿那含,惡意,恚恨意,亂意,惡智,五眼,肉眼,天眼,智眼,法眼,佛眼,天耳,阿耨多羅三耶三菩,十二部經,三寶音,罪地三惡趣,人身,沙門四道,無餘泥洹,道事俗事,輪跡,阿迦膩吒天,佛樹,金剛,出家,轉法輪,遠塵離垢,法眼淨,漏盡意解,阿惟三佛,梵行,色欲,漚惒拘舍羅,五欲,五陰,色陰,痛陰,想陰,行陰,識陰,吾我,道法,淨佛國土,福田,五戒,八齋,四等意,四無形定,三十七品法,十力,色與空合,痛想行識與空合,眼耳鼻舌身意與空合,色聲香味細滑識法與空合,眼色識,耳聲識,鼻香識,舌味識,身細滑識,法性識,苦習盡道四諦之法,十二因緣,癡,所作行,識,名色,六入,栽,痛,愛,受,有,生,死,有為法,無為法,本性,七空合,五陰合,去來今三世,六情,十八性,已受莂,道場,生眾生相,滅眾生相,空眾生相,別眾生行,第一空行,無嫉慢意",,
放光經,T 221 (2),"放光般若經, 摩訶般若波羅蜜, 三藏, 五眼品, 舍利弗, 菩薩摩訶薩, 般若波羅蜜, 佛, 兜率天上, 佛國, 人道, 陀隣尼, 三昧門, 眾智門, 智慧, 深法要, 阿惟越致, 諸根闇鈍, 世尊, 漚惒拘舍羅, 四禪, 六波羅蜜, 禪福, 長壽天, 世間, 四等, 四無形定, 三十七品, 大慈大悲, 拔陀劫, 覺者, 梵志家, 迦羅越家, 四王天, 忉利天, 第六天, 諸天, 淨佛國土, 梵天, 轉法輪, 一生補處菩薩, 空, 無相, 無願, 具足三昧, 阿惟三佛, 六神通, 欲界, 形界, 無形界, 佛剎, 聲聞, 辟支佛, 三尊, 功德, 佛十八法, 三界, 菩薩位, 阿惟越致地, 發道意, 般泥洹, 劫, 解脫禪定, 無思想慧禪, 蒱佉闍三昧, 小道者, 道慧, 忍, 阿僧祇劫, 三惡趣, 惠施, 佛形像, 一乘, 三十二相, 三乘法, 清淨身口意, 檀波羅蜜, 尸波羅蜜, 遮迦越羅, 十善, 照明法化, 嫉恚, 邪見, 兩舌, 惡口, 妄言, 綺語, 殺盜婬, 懈慢意, 惡智, 惡行, 惡言, 惡念, 不猗, 佛道, 一切法, 五陰, 六情, 色聲香味細滑法, 十八性, 佛十種力, 四無所畏, 阿耨多羅三耶三菩, 薩云若, 惡趣, 貧賤, 阿須倫, 諸慧, 恒沙諸佛世尊, 法教, 佛德, 佛想, 菩薩想, 聲聞想, 辟支佛想, 我想, 人想, 諸佛國想, 慧行菩薩, 貢高, 肉眼, 天眼, 慧眼, 法眼, 佛眼, 閻浮提, 四天下, 千世界, 二千世界, 三千世界, 阿迦膩吒天, 十方恒沙世界, 眾生生死善惡之事, 有為法, 無為法, 有道法俗法, 慧眼菩薩, 法眼淨, 堅信堅住於法, 無願之脫立, 五根, 不中止定, 解脫慧, 三礙, 有身礙, 狐疑礙, 邪信礙, 須陀洹, 道得念, 婬怒癡薄, 斯陀含, 阿那含, 消五愛, 色愛, 無色愛, 癡愛, 恨戾愛, 亂志愛, 羅漢, 空菩薩, 空脫, 不中止禪, 羅漢道, 無相解脫, 五力, 生法即是滅法, 信根, 精進辦根, 漚惒拘舍羅根, 三耶三佛, 法眼菩薩, 佛受決, 神通者, 佛剎淨, 成佛, 僧, 勤苦行, 道場, 魔, 佛眼淨, 金剛三昧, 四等心, 十八不共, 最正覺眼, 五眼之母, 度五神通, 神足, 動天地, 變身無數更合為一, 徹視無礙, 履水蹈虛, 身出水火, 手捫摸日月, 身至梵天, 有無之中了無所得, 有空, 無空, 天耳慧神通之證, 知他人心中所念, 宿命之證, 眾生生死所趣善惡之道, 身行惡、口言惡、意念惡, 謗毀聖賢, 信邪倒見, 邪見因緣, 地獄, 正見信行, 天上, 五道, 漏盡之證, 薩云若迹, 罪福, 空無所起, 羼波羅蜜, 瞋恚, 惟逮波羅蜜, 懈怠, 禪波羅蜜, 定志意, 愚癡, 空來往, 不疑不犯, 不瞋不忍, 不進不怠, 不定不亂, 不智不愚, 不施與亦不有貪, 不戒不犯, 不進不退, 不忍不恚, 不定不亂, 不慧不癡, 不謗不譽, 不有為不無為, 無所從生法, 授決品, 發等意, 一切諸法等, 諸法等, 惡色, 惡念, 無上正真道意, 比丘, 阿難, 阿閦佛國, 彌勒佛, 沙門, 佛之威神, 四部眾, 沙訶樓陀剎土, 佛國土嚴淨, 莊嚴王如來、無所著、等正覺, 妙度品, 尊者舍利弗, 摩訶目揵連, 須菩提, 摩訶迦葉, 優婆塞, 優婆夷, 最大度, 上度, 妙度, 無上尊度, 辯才之度, 無等度, 法度, 空度, 空無相度, 諸法空度, 有無空度, 具足諸德空度, 功德普具, 無等等之施, 轉無上法輪, 過去當來諸佛世尊, 諸法彼岸, 天、龍、鬼神, 善男子、善女人, 龍神, 帝王, 轉輪聖王, 四大天王, 七寶, 菩薩之事, 調伏眾生, 布施, 安隱眾生, 廣長舌相, 三千大千世界, 舌根, 光明, 瑞應, 沙訶, 釋迦文, 忍界, 幢幡珍寶華蓋, 虛空中化成四柱臺, 剎土, 無所從生法忍, 覺華如來、無所著、等正覺, 行品, 佛威神, 佛弟子, 法事, 學法以法作證, 境界, 名字, 名法, 生滅, 因緣, 合為數, 十二因緣, 如, 權法數, 有常無常, 苦樂, 有我無我, 淨寂, 著斷, 有為性, 無為性, 無想念, 無想法, 超越諸法之相, 意識覺, 不苦不樂, 相好, 慧度, 度神通, 度慧, 內外空, 所有無所有空, 教化眾生, 法數著字, 六衰, 癡, 行、識、名色、六入、栽、覺、愛、受、有、生、死, 夢、響、幻、熱時之炎, 法法不相見, 法性, 恐、畏懼、悔、懈怠, 意識法, 無所得、無所見, 學品, 六情內外者, 吾我想, 三界婬諍, 六衰習, 四食, 四淵流, 四結, 四顛倒, 十惡, 學意三昧, 四空定, 師子遊步、師子奮迅三昧, 首楞嚴三昧, 海寶三昧, 月幢三昧, 諸法普至三昧, 觀印三昧, 真法性三昧, 作無垢幢三昧, 諸法所入門三昧, 三昧王三昧, 王印三昧, 力淨三昧, 諸法所入真辯才三昧, 諸法言所入照十方三昧, 諸法陀隣尼門印三昧, 不妄諸法三昧, 諸法都聚印三昧, 虛空所止三昧, 淨三昧, 處三昧, 不起神通三昧, 作上幢三昧, 罪處, 菩薩頂諍, 法愛, 空寂, 無常, 苦, 非我, 無為證, 成道, 著, 斷, 菩薩行, 菩薩學, 菩薩順道, 內空, 外空, 空空, 大空, 最第一空, 有為空, 無為空, 無邊際空, 作空, 性空, 自空, 諸法空, 無空, 有空, 無有空, 意性廣大而清淨, 婬欲癡, 塵勞, 六十二見, 聲聞辟支佛意, 清淨, 無意意, 無作無念, 法化生, 法施, 空寂行, 菩薩地, 三乘之教, 本無品, 諸法終始, 吾我人壽命眾生, 佛志、法志、僧志、戒志、施志、天志、安般志、死志, 夢響光影幻炎化, 寂靜, 不生不滅, 不著不斷, 真際, 善惡之法, 有漏無漏, 當來過去今現在, 如來、無所著、等正覺, 弟子菩薩眾, 字法, 戒、三昧、智慧、解脫、見解脫慧, 須陀洹、斯陀含、阿那含、阿羅漢、辟支佛, 菩薩道, 佛法, 有常無常、苦樂有我, 所有無所有, 無所有, 不惋不悔、不懈不怠、不恐不怖, 無所住, 六識, 地水火風空識, 神通, 無我, 法及法性, 吾我想, 著於五陰, 想識, 不受色痛想行識, 性空, 無所受三昧, 相行, 垢, 五陰相, 三昧相, 薩云若慧, 相信解受持觀其所應, 相、無相, 度空性之慧, 見解空相之法, 諸法等信以為證, 無所受, 通達來往於彼此岸, 中道般泥洹, 法非法、亦不非法, 性空之法, 意不惓不厭、不恐不怖, 色之狀貌離色, 痛想行識狀貌離痛想行識, 檀波羅蜜狀貌離檀波羅蜜, 無所有之狀貌, 非物之類, 五陰離五陰相, 真際亦離其相, 諸法無所出亦無所生, 五陰空, 身意相淨, 貪意, 化生, 普淨佛國土",,
放光經,T 221 (3),"放光般若經,三藏,摩訶,般若波羅蜜,空行,須菩提,佛,菩薩摩訶薩,菩薩,摩訶薩,漚惒拘舍羅,五陰,常,無常,苦,我所,寂靜,三十七品,佛十八法,阿耨多羅三耶三菩,舍利弗,色,生老病死苦,眼耳鼻舌身意,六情,十八性,聲聞,辟支佛,地證,痛,想,行,識,苦樂,空,無相,無願,六波羅蜜,三昧,首楞嚴,寶印三昧,師子遊步三昧,月三昧,作月幢三昧,諸法印三昧,照頂三昧,真法性三昧,必造幢三昧,金剛三昧,諸法所入印三昧,三昧王所入三昧,王印三昧,力進三昧,寶器三昧,必入辯才三昧,授決,世尊,空寂,吾我,眾生,十二衰,本淨,十二因緣,苦、習、盡、道,欲性,形性,無形性,須陀洹,薩云若慧,一切法,幻人,布施,持戒,精進,忍辱,一心,智慧,色聲香味細滑法,如夢,如響,如影,如熱時炎,如化,大乘,善知識,羅漢,檀波羅蜜,尸波羅蜜,羼提波羅蜜,惟逮波羅蜜,禪波羅蜜,魔,魔波旬,和上,斯陀含,阿那含,阿羅漢,阿惟越致,泥犁,薜荔,泥洹,金剛意,三乘,法性,真際,怛薩阿竭,阿羅訶,三耶三佛,有為,無為,一相,善法,惡法,記法,未記法,俗法,道法,有漏法,無漏法,四大,腐敗想,青瘀想,血想,食不消想,亂想,骨想,半燋想,四禪,四等,四無形禪想,佛想,法想,比丘僧想,戒想,施想,天想,精勤想,安般想,身想,死想,殺、盜、婬、怒、惡口、妄言、綺語、嫉妬、邪見,三解脫門,三根,三三昧,解脫攝意,八解脫門,九次第禪,十八空,佛十力,四無所畏,如,精進行,無餘泥洹,婬怒癡,法樂,虛空際,解脫三昧,妄見,吾我見,有人見,眾生見,斷見,常見,有見無見,五陰見,十八性見,十二衰見,有諦見,十二因緣見,三十七品見,佛十八法見,育養眾生見,淨佛土見,道見,佛見,轉法輪見,薩云若意,漏,邠耨文陀尼子,僧那僧涅,摩訶衍三拔致,發趣大乘,八禪,慈悲喜護,欲界,形界,無形界,不二,神通,佛國,一切智,轉法輪,龍,閱叉,阿須倫,被諸功德之鎧,佛身,三千大千剎土,琉璃,遮迦越王,十善,五眼",,
放光經,T 221 (4),"放光般若經,摩訶般若波羅蜜,摩訶衍,菩薩摩訶薩,大誓,大乘,六波羅蜜,檀,尸,羼,惟逮,禪,般若波羅蜜,薩云若,阿耨多羅三耶三菩,十善,忍地,漚惒拘舍羅,諸禪,內空,外空,內外空,空空,大空,最空,有為空,無為空,至竟空,不可得原空,無作空,性空,諸法空,五陰,十二衰,十八性,有為法,無為法,自相空,受相,想,識,無所得空,無空,有空,有無空,羅漢,辟支佛,諸佛世尊,三界,泥洹,法性,寂如,真際,三昧,首楞嚴三昧,寶印三昧,師子遊戲三昧,月三昧,月幢三昧,在諸法上三昧,照頂三昧,法性畢三昧,必造幢三昧,金剛三昧,法所入印三昧,安住三昧,放光明三昧,勢進三昧,等步三昧,入辯才教授三昧,過量音聲三昧,照處處三昧,總持印三昧,不忘三昧,一切法所聚海三昧,虛空普三昧,金剛部三昧,寶勝三昧,熾炎三昧,無願三昧,審住三昧,選擇三昧,無垢燈三昧,無限光三昧,作光明三昧,普照明三昧,淨要三昧,無垢光三昧,造樂三昧,電明三昧,無盡三昧,上威三昧,畢盡三昧,不動三昧,不別三昧,日燈三昧,月無垢三昧,淨光明三昧,作明三昧,造作三昧,諸慧三昧,住意三昧,現明三昧,安立三昧,寶積三昧,法印三昧,等三昧,棄樂三昧,過法定三昧,散結三昧,解諸法句三昧,等文字三昧,畢字三昧,斷因緣三昧,無態三昧,無行三昧,無窟行三昧,畢陰三昧,主行三昧,不起三昧,度境界三昧,聚諸善三昧,止選三昧,清淨華三昧,主覺三昧,無限辯三昧,無等等三昧,度諸法三昧,決斷三昧,散諸狐疑三昧,無住三昧,一行三昧,眾生所入三昧,一事三昧,厭該眾事三昧,散諸生死勞怨三昧,眾行音所入三昧,脫諸音響字三昧,然炬三昧,淨相三昧,無准三昧,具足眾事三昧,不願苦樂三昧,事不減三昧,持迹三昧,邪正聚三昧,滅恚諍三昧,無恚三昧,明月滿無垢炎三昧,大莊飾三昧,與世間作光明三昧,三昧等,無忿三昧,無倚無窟無樂三昧,最如三昧,身骸三昧,斷口行與空合三昧,虛空本脫無色三昧,四意止,苦惱,癡苦受患,地水火風,三十六物,愛痛苦,災患,覺意法,斷癡惑意,四意斷,四神足,五根,信根,精進根,志根,定根,智慧根,五力,信力,精進力,志力,定力,智慧力,七覺意,法覺意,悅喜覺意,適無以著覺意,賢聖八品道,正見,正念,正言,正行,正業,正習,正志,正定,三三昧,空三昧,無相三昧,諸慧事,苦慧,習慧,盡慧,道慧,消慧,無所起慧,法慧,明慧,各各知他人所念慧,真慧,三根,學士,白衣,須陀洹,斯陀含,阿那含,有覺有觀,無覺有觀,無覺無觀,第一禪,二禪,無思想無思想慧禪,十念,佛念,法念,僧念,戒念,施念,天念,滅念,安般念,身苦念,死亡念,四禪,四等,四無形禪,八惟無禪,九次第禪,佛十種力,神足變化,梵輪,佛漏已盡,四無礙慧,佛十八法,陀隣尼目佉,字門,功德,四諦,十二緣起事,善知識,天耳徹聽,自識宿命,能消諸漏,摩訶僧那僧涅,三拔致,地,三垢,四等心,出家,佛國土,宴坐,少欲,知足,沙門十二法行,三乘之願,地獄,邊沙劫,十二部經,滅恚怒,下賤之處,誹謗道者,大悲,阿僧祇劫,育養眾生,羞恥慚愧,羅漢、辟支佛意,深法忍者,婬妬,六根,十惡,貢高,顛倒,婬怒癡,度彼岸,聲聞意,小意,初發意者,轉於垢濁,幻三昧,神通,諸佛國,天、龍、閱叉、犍陀羅,胞胎成就,剎利,婆羅門,佛樹,三千大千國土,九地,滅淨地,種性地,八地,見地,薄地,滅婬怒癡地,已作地,辟支佛地,菩薩地,佛地,無相,不可思議性,安隱之性,滅盡,色空,痛想行識空,十二因緣空,夢、幻、炎、響、光、影,須陀洹果,斯陀含果,阿那含果,阿羅漢果,辟支佛果,佛果,名相,設法教數,無所生,無所滅,無所著,無所斷,無所有,增減,五眼",,
放光經,T 221 (5),"三藏,摩訶般若波羅蜜,摩訶衍,須菩提,佛,世尊,阿須倫,空,菩薩,摩訶薩,波羅蜜,陀羅尼門,三昧門,首楞嚴三昧,虛空際解脫無所著三昧,內外空,無有空,三十七品,佛十八法,欲界,龍,鬼神,色界,無色界,痛想行識,眼耳鼻舌身意,色聲香味細滑法,十二因緣,法性,如,真際,不可思議,八輩地法,須陀洹法,斯陀含法,阿那含法,阿羅漢法,辟支佛法,阿惟三佛法,佛法,種性,發意,佛坐,金剛慧,薩云若,如來,無所著,等正覺,三十二大士之相,法輪,沙門,婆羅門,魔,梵,泥洹界,般泥洹,無量無央數,阿僧祇,三界,須陀洹道,斯陀含道,阿那含道,阿羅漢道,弟子地,辟支佛地,阿惟三佛地,無常,苦,我,相,願,滅淨,寂,冥,行,無緒,一切諸法,吾我,真際緒,五陰緒,六情,般若波羅蜜,泥洹性,三世,婬怒癡,有為,無為,凡人,緣覺,薩云若慧,十方諸菩薩,十方諸佛,逮,邠耨文陀尼子,聲聞,四意止,四意斷,四神足,五根,五力,七覺意,賢聖八品道,三脫門,四無礙慧,大慈大悲,十種力,四無所畏,十八不共,無所望法常等行,五陰,十二衰,十八性,善法,漏法,苦習盡道法,律,不別不異,一無有二,邊際,底,有無之法,不生,悔,怯,舍利弗,空寂,不真,本際,末際,中際,識性空,教法,假號,真名,夢,幻,炎,響,影,化,不入色,不生色,不住色,非色,一法無二,滅色,觀,道士,檀波羅蜜,禪波羅蜜,不空,不滅,不寂,不二,無有形,一相者則無相,無所從生,凡人凡人法,三應滅,三垢薄,五應滅,滅上五所得,因緣覺,勤苦行,父想,母想,子想,身想,世俗,最第一,五趣,生死,善惡之報,斷,著,六性,身口意行,法師,發遣,無所依,道檀波羅蜜,俗檀波羅蜜,施主,阿耨多羅三耶三菩,無餘泥洹,三礙意,世俗布施,道施,不自見,不見受者,不望其報,菩薩摩訶薩道,空無相無願三脫門,功德力,諸善法功德之母,三乘之法,不疑不懼,大慈大悲之念,譏,來迹,無所覺,三千大千剎土,六反震動,無所從生法忍,無上正真道意",,
放光經,T 221 (6),"放光般若經,摩訶般若波羅蜜,般若波羅蜜,剎土,四天王,天子,釋提桓因,須炎天子,首陀會天,世尊,須菩提,菩薩,菩薩摩訶薩,拘翼,佛威神,菩薩心,阿耨多羅三耶三菩意,生死界,薩云若意,色,無常,苦,空,非身,痛,想,行,識,五陰,六情,六性,淨寂,癡愛,十二因緣,眾苦,三十七品,佛十八法,檀波羅蜜,尸波羅蜜,羼波羅蜜,惟逮波羅蜜,禪波羅蜜,吾我,佛,如來,無所著,等正覺,阿惟三佛,六波羅蜜,一空無有二,滅十二因緣,內外空,有無空,三昧門,陀隣尼門,聲聞乘,辟支佛乘,薩云若,須陀洹,阿羅漢,無餘泥洹,般泥洹,菩薩初地,第十地,阿惟越致地,五通,阿僧祇佛國,眾生,五眼,肉眼,天眼,法眼,慧眼,佛眼,三昧,四無礙慧,四無所畏,佛十種力,四等心,大慈大悲,三十二大士之相,八十種好,八輩事,信,法,斯陀含,阿那含,轉法輪,四神足,恒邊沙劫,三毒,閱叉,文字,化,比丘,比丘尼,優婆塞,優婆夷,無相,無願,無所生,無所滅,寂淨,緣起,三乘,總持,十住道地教,神通,辯,大乘,法雨,阿迦膩吒天,花散佛,摩訶迦旃延,提和竭佛,無上士,道法御,天人師,善男子,善女人,魔,魔天子,四禪,四空定,阿須倫,三寶,漚惒拘舍羅,貢高,施想,惡戒,瞋恚,懈怠,亂意,惡智,貪,諍,生死恩愛,根,力,無黠十二因緣,我見,人見,眾生見,盡見,常見,無垢見,無有見,眾邪見,嫉惡戒見,瞋恚見,樂想,淨想,我想,禪定意,四無形定,三三昧,八惟無禪,九次第禪,慈,清淨,正見,覆面舌相",,
放光經,T 221 (7),"阿那含,阿難,阿耨多羅三耶三佛,阿耨多羅三耶三菩意,阿僧祇,阿惟三佛,阿惟越致地,阿須倫,八惟無,般泥洹,般若經,般若波羅蜜,彼岸,比丘僧,布施,不有所施、不有受者、不有與,不有戒亦不有犯,不有忍亦不有恚,不有精進亦不有懈怠,不有禪亦不有亂意,不有智亦不有愚,不善亦不惡,不增亦不減諸法之真,不生不滅之法,不住住無有異,不著亦不斷,不有為亦不無為,菩薩,菩薩德,菩薩記者,菩薩摩訶薩,菩薩神通願,菩薩道,剎利種,禪,禪波羅蜜,長者,遮迦越羅,承佛弟,持戒,畜生,癡,大慈大悲,檀波羅蜜,道場,道慧,道意,道是俗,弟子,等正覺,佛,佛乘,佛道,佛十八法,佛十種力,佛眼,佛國,佛樹下,佛身,法,法施,法性,法位,凡人法,分別諸法,羼波羅蜜,供養,鬼神,恒邊沙剎土,有漏無漏之智,有為法,有為法之法,化生,護世,恚,迦樓羅,劫,芥子,金剛三昧,拘翼,救護眾生、安隱眾生、欲樂眾生,六波羅蜜,六波羅蜜無有二入,六情,六衰,六通,羅漢,魔波旬,魔天,摩訶般若波羅蜜,摩睺勒,無礙,無斷無著波羅蜜,無極福,無漏是有漏,無為法,無為法之法,無央數,無餘泥洹,內外空,內外空之智,忍辱,淨佛國土,非人,非相亦非無相,非道亦非俗,辟支佛,辟支佛道,辟支佛法,全身舍利,繞佛,如,如來,如來五眼,薩云若,薩云若慧,薩云若者是諸法之器,三寶,三千大千國土,三界,三昧,三昧門,三十二大士之相,三十七品,三乘,三疑,三脫門,沙門,善男子、善女人,善知識,舍利,舍利弗,聲聞,聲聞法,聲聞、辟支佛地,釋提桓因,神通,斯陀含,宿命不債,須陀洹,俗法道法之智,俗數,四等,四空定,四天王,四諦,塔,天上人中,天子、天女,十方,十善,十戒功德,十二部經,陀隣尼門,轉法輪,惟逮波羅蜜,五波羅蜜,五戒,五陰,五疑,邪見,閻浮提,欲天子、色天子,緣起,閱叉,一心,一相,一法耳無有二,婬欲,有無空,有無空之智,諸根具足,諸釋種,眾生,幢幡",,
放光經,T 221 (8),"放光般若經,摩訶般若波羅蜜,佛,釋提桓因,閻浮提,十善,世尊,般若波羅蜜,無漏之法,道,辟支佛,菩薩道,菩薩,阿惟三佛,三十七品,空,三脫門,四諦,內外空,有無空,佛十種力,佛法,須陀洹道,三惡趣,斯陀含,阿那含,阿羅漢,阿耨多羅三耶三菩意,佛種,四天王,無思想無思想慧天,薩云若,四天下,小千天下,中千天下,三千大千國土,恒邊沙國土,四禪,四等,四空定,五神通,五波羅蜜,相,無相,真際,阿僧祇劫,檀波羅蜜,尸波羅蜜,羼波羅蜜,惟逮波羅蜜,禪波羅蜜,六波羅蜜,菩薩摩訶薩,無所從生法忍,神通,佛國,諸佛世尊,五陰,十二衰,六情,十八性,聲聞,緣覺,布施,持戒,一心,般泥洹,法滅盡,善本,戒,三昧,智慧,解脫,見解脫慧,大慈大悲,聲聞乘,顛倒想,無常,苦,不淨,無我,善知識,阿惟越致,空相法,漚惒拘舍羅,不二入,無倚,阿迦膩吒天,代歡喜,賢聖,戒品,三昧品,智慧品,解脫品,解脫見慧品,薩云若慧,常等行,無所著,等正覺,忉利諸天,天子,梵迦夷天,無縛無脫之法",,
放光經,T 221 (9),"放光般若經,三藏,摩訶般若波羅蜜,品,舍利弗,佛,世尊,般若波羅蜜,三界,三十七品,五荒見,邪徑,正導,薩云若,習緒,菩薩,佛法,空,生死,三轉十二事,轉法輪,諸佛,辟支佛,阿羅漢,須陀洹,十善,四禪,四等,四空定,五通,內外空,有無空,佛十種力,十八法,釋提桓因,尊者,拘翼,菩薩摩訶薩,漚惒拘舍羅,初發意,法欲盡,善本,五波羅蜜,道,度,化,五陰,諸法,善法,惡法,俗法,有漏無漏法,有為無為法,色,痛想行識,六情,色聲香味細滑法,十八性,十二因緣,阿耨多羅三耶三菩,大度,六波羅蜜,阿惟三佛,泥犁品,泥犁,如來,無所著,等正覺,十方,阿僧祇劫,二,佛國,眾生,淨佛國土,聲聞,慢意,劫盡,畜生,炎樓,薜荔,弟子,斷法,五無間罪,壞法,沙門,僧,正見,魔,惡知識,瞋恚,性,果淨,吾我,婬怒癡,名色,六入,栽,覺,愛,受,有,生,死,明淨品,泥洹,過去法,未來法,現在法,布施,功德,菩薩道,無礙慧,檀波羅蜜,善男子,善女人,寂,法性,無作品,有常無常,苦樂,有我無我,淨不淨,僧那僧涅,精進,要誓,三千大千剎土,劫,恒邊沙,比丘,戒,三昧,智慧,解脫,見解脫慧,斯陀含,阿那含,三寶,習,人,非人,幻,化,影,響,真際,不可思議,四天王,首陀會天,梵天王,彌勒菩薩摩訶薩,賢劫,不生不滅,法師,諸天,六齋,三惡趣,天道,人道,梵志,長者,剎利,三十三天,四無所畏,凡人,法身,憂鉢羅華,拘勿投華,分陀利華,閻浮提,天子,無所從生法忍,一,無相,無願,般泥洹,尊祐福田",,
放光經,T 221 (10),"般若經,三藏,摩訶般若波羅蜜,須菩提,世尊,般若波羅蜜,空,諸法,寂靜,常空,無所有,無字,事行,痛想念,生死,消,不生,無所為,無有作者,智,無有壞,夢,響,光影,炎,幻,無著,緒,不斷,不戲,貢高,不動轉,法性,無住,無念,想行,婬,恚,癡,冥,垢,狐疑,眾生,兩際,不受,無所礙,聲聞,辟支佛地,分別,擇,不可平相,無常,苦,師子,無有我,內空,外空,內外空,空空,大空,至竟空,有為空,常空,無有際空,所作事空,性空,諸法空,自相空,有無空空,無為法,有為法,自相寂,四意止,身痛意法,四意斷,神通,四神足,五根,五力,七覺意,八字,無願,無相,脫,八惟無,九次第禪,檀,戒,羼,惟逮,禪,慧,十力,勇悍,分別智,佛法,如來,自然,自在,阿惟三佛,真知識,釋提桓因,善男子,善女人,功德,受持,諷誦,供養,劫,六波羅蜜,舍利弗,菩薩,阿惟越致,三十七品,佛十種力,十八法,薩云若慧,拘翼,薩云若,道慧,習緒,法輪,須陀洹,斯陀含,阿那含,阿羅漢,辟支佛道,三耶三菩佛道,比丘僧,四無所畏,五陰,眼耳鼻舌身意,色聲香味細滑法,十二衰,阿耨多羅三耶三菩,受記莂,菩薩摩訶薩,佛座,善本,閻浮提,四事,施與,仁愛,利人,同義,十善,四禪,四空定,佛國土,陀隣尼門,身相,童真地,三界,清淨,留難,魔波旬,天魔波旬,天眼,惡趣,比丘,比丘尼,優婆塞,優婆夷,三乘,泥曰,法欲盡時,大乘,綺語,三脫門,俗法,轉輪聖王,漚惒拘舍羅,菩薩乘,不生不滅",,
放光經,T 221 (11),"三藏,摩訶般若波羅蜜,佛,須菩提,般若波羅蜜,法師,魔事,供養,少欲知足,守戒,精進,禪定,阿練寂晏,十二法,犯律,貪悋愛惜,無礙,經道,十二部經,六波羅蜜,漚惒拘舍羅,陀隣尼,五陰,蓋,魔波旬,三惡趣,阿耨多羅三耶三菩,欲天,色天,無色天,四王天,無有思想無有思想慧天,三界,無常,苦,空,無我,羅漢,辟支佛,菩薩,沙門,被服,受記莂,狐疑,比丘,善男子,善女人,真際之證,須陀洹,薩云若,內空,外空,有無空,三十七品,三脫門,如來,金色光相,比丘眾,菩薩摩訶薩,佛法,弟子眾,諸法,閻浮提,世尊,愚癡,功德,善本,真知識,無所著,等正覺,佛事,阿惟越致菩薩摩訶薩,佛眼,薩云若慧,五波羅蜜,十力,十八法,斯陀含,阿那含,三耶三佛道,阿耨多羅三耶三菩阿惟三佛,菩薩之母,世間之大明,五陰示現,無相,無願,有為,無為,眾生,欲界,形界,無形界,十方眾生,六情,法,脫,寂,盡,婬怒癡,五眼,五陰窟,出息入息,如,無作如,無相如,無進如,無戲如,無我如,無猗如,諸法之如,六波羅蜜如,三十七品如,十八空如,八惟無禪,九次第禪,四無礙慧,四等心,四無所畏,大慈大悲,薩云若慧如,善法,惡法,道法,俗法,有漏,無漏,過去當來今現在,須陀洹之如,斯陀含之如,阿那含之如,羅漢之如,辟支佛之如,阿耨多羅三耶三菩之如,道如,如來之如,無盡之如,三千大千剎土,欲天子,色天子,龍,鬼神,相,無行之相,無生滅相,無著無斷相,無所有之空相,無所依相,虛空之相,世俗,藏,色,所更者覺之相,所受者想之相,善惡者行之相,所知者識之相,檀波羅蜜,尸波羅蜜,羼波羅蜜,惟逮波羅蜜,禪波羅蜜,四禪,四等,四空定,苦相,無願脫門,寂相,淨相,無所共相,露現相,無礙慧,知恩,報恩,無作者,無諍法,大明導,十二衰,十八性,十惡之法,癡,愛,十二因緣,吾我根本,六十二見,不可思議,不可稱量,不可限,無有與等,虛空,阿須倫,比丘尼,優婆塞,優婆夷,遠塵離垢,法眼生,無所從生法忍,賢劫,轉輪聖王,弟子法,辟支佛法,菩薩法,佛地,三乘,聲聞,兜術天上,彌勒菩薩,六通,二地,羅漢、辟支佛道,淨佛國土,泥洹,一劫,吾我意想,貢高,此岸,彼岸,中道",,
放光經,T 221 (12),"放光般若經,三藏,摩訶般若波羅蜜,品,須菩提,世尊,菩薩,六波羅蜜,真知識,般若波羅蜜,阿耨多羅三耶三菩,五陰,內外空,有無空,三十七品,佛十八法,薩云若,想著之意,須陀洹,斯陀含,阿那含,阿羅漢,辟支佛,菩薩乘,諸法,空,菩薩摩訶薩,謙苦,無相,法,發阿耨多羅三耶三菩,阿惟三佛,愍念世間,安隱世間,一切眾生,世間歸,世間作護,世間作燈明,世間作將,世間導,世間舍,世間趣,五道,無畏岸坦然泥洹,泥洹,苦惱憂悲,無憂之岸,生死,眾苦,以法救化,三乘,老病死法,無餘泥洹,諸法無礙,三界冥中,色,痛,想,行,識,渚,愛盡無猗,無餘無塵,清淨法化,真諦法化,不生不滅,不著不斷,趣空,不來不去,相,願,如夢,如幻,如響,如影,如化,如焰,無我,無命,無壽,無常,苦,無淨,非我,婬怒癡見,身見,如如住,如法性住,如真際住,如普住,如不思議性住,如不動移住,聲聞,辟支佛道,深般若波羅蜜,過去佛,功德,供養,婬怒癡斷者,解深品,作導,念般若波羅蜜,無所念,無端緒,吾我,阿惟越致,不入六波羅蜜,不入薩云若,不隨他人語,不信餘道,不持作要,不雜婬怒癡,不恐懼,不厭倦,終不轉還,諷誦守行,應般若波羅蜜教,空,無相,無願,虛空,無所生,無所滅,不依於著,依於斷,依於如,依於法性,依於不思議,依等無作,不依五陰,不依薩云若,無作者,無來,無去,無所止,無所依,無所出,無所入,無有數,無有限,逮覺者,薩云若慧,如俱等無異,十八法,歎深品,諸欲天子,諸色天子,天名花,頭面作禮,叉手白佛言,不可思議,智者之所知,如來,無所著,等正覺,道徑,一教,坦然無為,法性,真際,無涯底,無來無往,無著無斷,不生不滅,眾生,我人,壽命,不受五陰,不受薩云然,不受持,受持,世間受持,不堪任行,不逆於諸法,無所礙,空無縛之法,佛之真子,佛從如生,一切諸法之如,如者亦復非如,無作無為,無所有,無所罣礙,無作之如常爾,無不不爾,無所壞,不可見,不可破壞,無他如,不過去當來今現在,等一無二,吾我,壽命,眾生之如,內外空如,有無空如,三十七品如,薩云然如,三千大千剎土,六反震動,天花,名香,栴檀,甚奇甚特,從如來如生,無有為無為如生,無法可著樂者,舍利弗,道法,比丘僧,漏盡意解,比丘尼,遠塵離垢,法眼生,法忍,菩薩,天,人,無所從生法忍,漚惒拘舍羅,學五波羅蜜,離般若波羅蜜,行施,行戒,行忍,行精進,行禪,菩薩之道,羅漢,弟子乘,戒性,忍辱,精進,一心,智慧,三昧,解脫,見解脫慧,菩薩所住處,佛所住處,聲聞辟支佛所住處,不以相著,不以相行,狐疑,相,無猗,諸法常淨故,隨如法不增不減,五陰自空,薩云然慧事自空,不有念言,不動還,恒邊沙,法性法,住道法,無是義,如來所記,三乘之行,一乘,分耨曼陀尼子,羅漢乘,辟支佛乘,菩薩佛乘,無為無所有法,如出生諸法,佛事,等意於眾生,大慈普念,無有偏黨,營護念安隱,與語和順,無得中傷,視眾生等,慈勸人,十善,邪見,四諦,四禪,四等行,四空定,八惟無,佛十種力,大慈大悲,逆順十二因緣,神通,淨佛國土,教化眾生,滅習緒,壽命成就,受法住,真際學,菩薩住品,摩訶般若波羅蜜阿惟越致品,凡人地,弟子地,辟支佛地,如來地,一如而不分別,一無有二入,自身如等,直過無狐疑,無增減,不視他人長短,諸法無形,無貌像,無相,轉還,十二衰,十八性,外道,沙門,婆羅門,邪見直見,不犯戒,狡戲,香花繒蓋幢幡,奉諸天神,下賤之家,八劇之處,不受女人身,十二部經,滿眾生願,深經中亦不狐疑平相,身口意行,慈柔軟,身口意業,五蓋,無戀慕於恩愛意,安詳,不卒暴,淨潔自喜,無有塵垢,少於疾病,八萬種蟲,功德過出世間,諸天,鬼神,阿須倫,善本,瑕穢即除,不貪利養,不貪衣服,十二沙門法,無嫉妬意,無愚癡貪利之意,無不等意,無懈怠意,無惡戒意,志常安隱,意常深入,一意聽受所聞法教,與般若波羅蜜俱等意奉行,不入法性者,魔波旬,大小泥犁,授記莂,墮泥犁中,沙門被服,深經要法,異道人所撰集,未正定住阿惟越致地,面自見法,異學語,比丘被服形像,像道法教,世事像道教,尸解,斷生死勤苦根本,欲天,色天,遍知三乘之事,檀波羅蜜,十二衰相還,十八性相還,婬怒癡相還,見相還,佛相還,空像色貌法相,上菩薩位,不生法,無所從生法忍",,
放光經,T 221 (13),"HTTP error occurred: 500 Server Error: Internal Server Error for url: https://generativelanguage.googleapis.com/v1beta/models/gemini-2.5-flash:generateContent?key=AIzaSyAtsMSj9zZu2zmMWvGRvIyQcx1O58WL-ss - Response: {
  ""error"": {
    ""code"": 500,
    ""message"": ""An internal error has occurred. Please retry or report in https://developers.generativeai.google/guide/troubleshooting"",
    ""status"": ""INTERNAL""
  }
}
",,
放光經,T 221 (1),"般若經,三藏,佛,大比丘眾,阿羅漢,諸漏,比丘尼,優婆塞,優婆夷,菩薩摩訶薩,陀隣尼,空行三昧,無相,無願,五通,深法忍,精進力,魔行,阿僧祇劫,慧,持忍,三昧,補處,世尊,結跏趺坐,天眼,千輻相輪,肉髻,三千大千國土,佛國土,無上正真道意,如來,無所著,等正覺,廣長舌,六度無極,師子座,師子遊戲,神足,地獄,餓鬼,八難處,宿命,稽首受法,三惡趣,十善,梵事,比丘,第三禪,須彌,首陀會天,梵天,第六天王,釋天,四王天,閻浮提,沙訶國土,釋迦文佛,般若波羅蜜,總持,律行,忍界,文殊師利,魔梵,諸龍鬼神,沙門,婆羅門,新發意者,舍利弗,檀波羅蜜,尸波羅蜜,羼提波羅蜜,惟逮波羅蜜,六情,禪波羅蜜,四意止,四意斷,四神足,五根,五力,七覺意,賢聖八品道,空三昧,無相三昧,無願三昧,四禪,四等,四無形三昧,八解禪,九次第禪,九相,念佛,志法,志比丘僧,施戒,安般守意,無常,苦,空,無我人想,無所樂想,無生滅想,無道想,無盡想,無所起想,善想,法想,覺意三昧,無畏三昧,八患,十二衰,佛十力,十八法,四無所畏,四無礙慧,大慈大悲,薩云若,生死習緒,菩薩位,聲聞,辟支佛,阿惟越致地,六通,陀隣尼三昧門,眾智門,功德,智慧,解脫,見解脫慧,大士三十二相,八十種好,菩薩種姓,鳩摩羅浮,佛世尊,六波羅蜜,淨佛國土,內空,外空,大空,最空,空空,有為空,無為空,至竟空,無限空,所有空,自性空,一切諸法空,無所猗空,無所有空,諸法如,諸法性,諸法真際,果報,泥洹,梵志大姓家,迦羅越家,四天王天上,空無形禪,須陀洹,斯陀含,阿那含,阿羅漢,辟支佛,慧方便,有為法,無為法,法相,覺滅際,阿惟三佛,五眼,肉眼,智眼,法眼,佛眼,阿耨多羅三耶三菩,十二部經,三寶音,正見,道事,俗事,輪跡,阿迦膩吒天,佛樹,轉法輪,遠塵離垢,諸法法眼淨,漏盡意解,阿惟越致,般泥洹,婬怒癡,漚惒拘舍羅,五欲,五陰,色陰,痛陰,想陰,行陰,識陰,十二因緣,癡,所作行,識,名色,六入,栽,痛,愛,受,有,生,死,非色,非識,三世,六情,十八性,受莂,眾生相,空行,嫉慢意,亂怠意,恚恨意,惡智意,法性",,
放光經,T 221 (2),"般若經,摩訶般若波羅蜜,五眼品,菩薩摩訶薩,兜率天上,佛國,人道,陀隣尼,三昧門,眾智門,智慧,深法要,阿惟越致,諸根闇鈍,世尊,漚惒拘舍羅,四禪,六波羅蜜,禪福,長壽天,四等意,四無形禪念,三十七品,大慈大悲,拔陀劫,覺者,無形定,梵志,迦羅越,四王天,忉利天,第六天,梵天,轉法輪,一生補處菩薩,空,無相,無願,三昧,天人,阿惟三佛,六神通,欲界,形界,無形界,佛剎,聲聞,辟支佛,佛法眾,三尊,功德,初發意,四清淨,佛十八法,三界,菩薩位,阿僧祇劫,成佛,惡趣,惠施,檀波羅蜜,尸波羅蜜,三惡趣,十善,遮迦越羅,恭敬啟受,照明法化,攝身口意,嫉恚,邪見,兩舌,惡口,妄言,綺語,殺盜婬,懈慢意,惡智,羅漢,佛道,猗,一切法,五陰,六情,色聲香味細滑法,十八性,佛十種力,四無所畏,不共,阿耨多羅三耶三菩,薩云若,阿須倫,恒沙,得慧菩薩,佛想,我想,人想,貢高,五眼,肉眼,天眼,慧眼,法眼,佛眼,踰旬,閻浮提,四天下,千世界,二千世界,三千世界,阿迦膩吒天,眾生,生死,有為法,無為法,有道法,俗法,堅信,堅住,無相無願之脫,五根,不中止定,解脫慧,三礙,有身礙,狐疑礙,邪信礙,須陀洹,道得念,婬怒癡,斯陀含,阿那含,五愛,色愛,無色愛,癡愛,恨戾愛,亂志愛,空脫,不中止禪,五力,從佛受決,動還者,不動還者,神通,僧,勤苦行,一生補處,道場,魔,金剛三昧,四等心,十八不共,五神通,神足,徹視無礙,履水蹈虛,身出水火,手捫摸日月,天耳,徹聽,有無,空無,天耳慧神通,心中所念,愛欲意,亂意,定意,宿命之證,劫,那術,死此生彼,五道,漏盡之證,淨除薩云若迹,罪福,瞋恚,羼波羅蜜,惟逮波羅蜜,禪波羅蜜,愚癡,不瞋不忍,不進不怠,不定不亂,不智不愚,不施與亦不有貪,不戒不犯,不有為不無為,無所從生法,無有罵者,無有歎者,等意,諸法等,比丘,無上正真道意,阿閦佛國,彌勒佛,沙門,威神,四部眾,沙訶樓陀剎土,莊嚴王如來,無所著,等正覺,尊者,優婆塞,優婆夷,法度,空無相度,諸法空度,有無空度,轉無上法輪,彼岸,龍,鬼神,珠璣,瓔珞,琉璃,摩尼,廣長舌相,舌根,光明,瑞應,釋迦文,四柱臺,堪任,無所從生法忍,覺華如來,辯才,境界,菩薩字,兩間中止,我人,色痛想行識,因緣,六衰,眼耳鼻舌身意,有為性,無為性,無想念,無想法,超越諸法之相,法數,意識覺,不苦不樂,相好,慧度,度神通,度慧,內外空,所有無所有空,化眾生,淨佛國土,阿惟越致地,陀隣尼三昧門,地水火風空識,十二因緣,癡,行,識,名色,六入,栽,覺,愛,受,有,生,死,如,無常,苦,無我,法性,六情性,恐,畏懼,悔,懈怠,吾我,知見事,師子遊步,師子奮迅三昧,首楞嚴三昧,海寶三昧,月幢三昧,諸法普至三昧,觀印三昧,真法性三昧,作無垢幢三昧,諸法所入門三昧,三昧王三昧,王印三昧,力淨三昧,諸法所入真辯才三昧,諸法言所入照十方三昧,諸法陀隣尼門印三昧,不妄諸法三昧,諸法都聚印三昧,虛空所止三昧,淨三昧,處三昧,不起神通三昧,作上幢三昧,羅漢辟支佛地,菩薩頂諍,法愛,空寂,無為證,順法愛,順道,內空,外空,空空,大空,第一空,有為空,無為空,無邊際空,作空,性空,自空,諸法空,無空,有空,無有空,道意,意性,塵勞,六十二見,佛子,法化生,法施,思欲施,三乘,根本,壽,命,安般志,死志,法真際,有漏無漏,無所住,本性,無所受三昧,垢相,異道人,先尼,空性,彼此岸,般泥洹,無婬怒癡,化生",,
放光經,T 221 (1),"放光般若經,三藏,摩訶般若波羅蜜,品,佛,比丘眾,阿羅漢,漏已盡,意解無垢,眾智自在,大龍,三處已盡,正解已解,比丘尼,優婆塞,優婆夷,菩薩摩訶薩,陀隣尼,空行三昧,無相,無願,等忍,無罣礙陀隣尼門,五通,深法忍,精進力,魔行,死地,阿僧祇劫,如幻,如夢,如響,如光,如影,如化,如水中泡,如鏡中像,如熱時炎,如水中月,法忍,菩薩,補處,世尊,結跏趺坐,三昧,三昧王,天眼,千輻相輪光明,肉髻,三千大千國土,無上正真道意,如來,無所著,等正覺,廣長舌,六波羅蜜,師子座,師子遊戲,神足,六反震動,地獄,餓鬼,蠕動之類,八難處,第六天,宿命,稽首,受法,三惡趣,十善,梵事,第三禪,調,須彌,首陀會天,梵天,釋天,四王天,閻浮提,國土,沙訶國土,釋迦文佛,般若波羅蜜,總持,律行,忍界,菩薩足,諸佛,比丘僧,文殊師利,魔,諸龍鬼神,沙門婆羅門,新發意者,舍利弗,檀波羅蜜,尸波羅蜜,恚意,羼提波羅蜜,惟逮波羅蜜,禪波羅蜜,四意止,四意斷,四神足,五根,五力,七覺意,賢聖八品道,空三昧,無相三昧,無願三昧,四禪,四等,四無形三昧,八解禪,九次第禪,九相,念佛,志法,志比丘僧,施戒,安般守意,無常,苦,空,無我人想,無所樂想,無生滅想,無道想,無盡想,無所起想,善想,法想,覺意三昧,無畏三昧,八患,十二衰,佛十力,十八法,四無所畏,四無礙慧,大慈大悲,薩云若,生死習緒者,菩薩位,聲聞,辟支佛地,阿惟越致地,六通,羅漢,陀隣尼三昧門,布施,持戒,功德,智慧,解脫,見解脫慧,大士三十二相,八十種好,菩薩種姓,鳩摩羅浮,諸佛世尊,佛國,佛剎,內空,外空,大空,最空,空空,有為空,無為空,至竟空,無限空,所有空,自性空,一切諸法空,無所猗空,無所有空,真際,弟子眾,沙門四道,無餘泥洹,尊者,梵志,迦羅越,空無形禪,須陀洹,斯陀含,阿那含,報施恩,善法,般若波羅蜜相應,色與空合,痛想行識與空合,眼耳鼻舌身意,色聲香味細滑識法,眼色識,法性識,苦習盡道四諦之法,十二因緣,癡,所作行,識,名色,六入,栽,痛,愛,受,有,生,死,有為法,無為法,本性,七空合,五陰,法,性本空,非色,非識,阿耨多羅三耶三菩,假號品,吾我,眾生,目揵連,嚴治佛道地,福田,道場,五戒,八齋,四等意,三十七品法,王者種,梵志種,長者種,迦羅越種,三十三天,無相施,惡意,恚恨意,懈怠意,亂意,惡智,戒念,五眼,肉眼,智眼,法眼,佛眼,天耳,十二部經,諷誦,佛音,法音,僧音,三寶,正見,罪地三惡趣,人身,戒行,佛威儀,道事俗事,輪跡現,阿迦膩吒天,佛樹,金剛,出家,轉法輪,遠塵離垢,諸法法眼淨,漏盡意解,阿惟越致,阿僧祇人,般泥洹,婬怒癡,四鉢,忉利天王,阿須倫種,梵行,色欲,童男行,漚惒拘舍羅,五欲,幻師,權菩薩,字耳,法立名,泥洹,螢火蟲,日出,空、無相、無願之法,苦樂,有我無我,六情法,十八法不共,無底空,諸法相空,生空,無生空,真空,偽空,如,法性,神通,普慈,法性一體,生眾生相,滅眾生相,空行,嫉慢意,亂怠意,惡智意,受莂",,
放光經,T 221 (2),"摩訶般若波羅蜜,般若波羅蜜,菩薩摩訶薩,兜率天,他方佛國,人道,陀隣尼,三昧門,阿惟越致,漚惒拘舍羅,四禪,六波羅蜜,檀波羅蜜,尸波羅蜜,羼波羅蜜,惟逮波羅蜜,禪波羅蜜,長壽天,四等意,四無形禪,三十七品,大慈大悲,拔陀劫,梵志,迦羅越,四王天,忉利天,第六天,梵天,一生補處菩薩,空,無相,無願,三昧,阿惟三佛,六神通,欲界,形界,無形界,聲聞,辟支佛,三尊,初發意,四清淨,佛十八法,三界,阿惟越致地,般泥洹,劫,解脫禪定,無思想慧禪,蒱佉闍三昧,小道者,道慧,忍,三惡趣,遮迦越羅,十善之行,邪見,兩舌,惡口,妄言,綺語,殺盜婬,懈慢意,惡智,羅漢,薩云若,五陰,色痛想行識,六情,眼耳鼻舌身意,色聲香味細滑法,十八性,佛十種力,四無所畏,五眼,肉眼,天眼,慧眼,法眼,佛眼,閻浮提,四天下,三千大千世界,阿迦膩吒天,有為法,無為法,有道法俗法,不中止定,解脫慧,三礙,有身礙,有狐疑礙,有邪信礙,須陀洹,道得念,婬怒癡,斯陀含,阿那含,五愛,色愛,無色愛,癡愛,恨戾愛,亂志愛,空脫,五力,受決,漏盡之證,罪福,瞋恚,愚癡,阿閦佛國,彌勒佛,沙門,沙訶樓陀剎土,莊嚴王如來,無所著,等正覺,摩訶目揵連,須菩提,摩訶迦葉,優婆塞,優婆夷,彼岸,廣長舌相,恒沙,釋迦文,忍界,無所從生法忍,覺華如來,十二因緣,菩薩位,陀隣尼三昧門,學意三昧,師子遊步三昧,師子奮迅三昧,首楞嚴三昧,海寶三昧,月幢三昧,諸法普至三昧,觀印三昧,真法性三昧,作無垢幢三昧,諸法所入門三昧,三昧王三昧,王印三昧,力淨三昧,諸法所入真辯才三昧,諸法言所入照十方三昧,諸法陀隣尼門印三昧,不妄諸法三昧,諸法都聚印三昧,虛空所止三昧,淨三昧,處三昧,不起神通三昧,作上幢三昧,菩薩頂諍,法愛,空寂,無常,苦,非我,無為證,內空,外空,空空,大空,最第一空,有為空,無為空,無邊際空,作空,性空,自空,諸法空,無空,有空,無有空,塵勞,六十二見,佛子,法化生,樂空寂行,菩薩地,三乘之教,安般志,有漏無漏,法性,真際,無所住,六識,眼識耳識鼻識舌識身識意識,六栽,六覺,地水火風空識,吾我想,性空之法,無所受三昧,異道人先尼,薩云若慧,度空性之慧,彼此岸,佛國,阿僧祇劫",,
放光經,T 221 (3),"般若經,三藏,摩訶般若波羅蜜,須菩提,佛,菩薩摩訶薩,漚惒拘舍羅,五陰,生老病死苦,三十七品,佛十八法,舍利弗,色,六情,十八性,聲聞,辟支佛,地證,阿耨多羅三耶三菩,痛,想,行,識,空,無相,無願,寂靜,六波羅蜜,三昧,首楞嚴菩薩行,寶印三昧,師子遊步三昧,月三昧,作月幢三昧,諸法印三昧,照頂三昧,真法性三昧,必造幢三昧,金剛三昧,諸法所入印三昧,三昧王所入三昧,王印三昧,力進三昧,寶器三昧,必入辯才三昧,授決,空寂行者,吾我,眾生,十二衰,本淨,十二因緣,苦,習,盡,道,欲性,形性,無形性,須陀洹,薩云若,無所得,無所見,幻人,夢,響,影,熱時炎,化,大乘意菩薩,善知識,無常,非我,檀波羅蜜,羅漢,戒,羼提波羅蜜,惟逮波羅蜜,禪波羅蜜,功德,阿惟越致地,婬怒癡,諸見,薩云若慧,幻相,怛薩阿竭,阿羅訶,三耶三佛,有為,無為,法性,真際,不生不滅,四大,比丘僧,天想,安般想,邪見,記法,未記法,俗法,道法,有漏法,無漏法,欲界,形界,無形界,三解脫門,三根,三三昧,解脫攝意,八解脫門,九次第禪,十八空,佛十力,四無所畏,斯陀含,阿那含,金剛意,三乘,般泥洹,泥犁,薜荔,妙意,諷誦,妄見,吾我見,有人見,眾生見,斷見,常見,五陰見,十八性見,十二衰見,諦見,十二因緣見,三十七品見,佛十八法見,育養眾生見,淨佛土見,道見,佛見,轉法輪見,道意,無漏,僧那僧涅,摩訶衍三拔致,發趣大乘,尸波羅蜜,謙苦行,大誓願,慈悲喜護,四等,消諸漏,大乘,佛國,神通,一切智,轉法輪,龍,閱叉,阿須倫,恒邊沙,佛身,三千大千剎土,遮迦越王,工幻師,精進意,彼岸,五眼,菩薩行,邠耨文陀尼子",,
放光經,T 221 (4),"放光般若經,般若經,般若,三藏,摩訶般若波羅蜜,摩訶衍,須菩提,菩薩,摩訶薩,大乘,六波羅蜜,檀,尸,羼,惟逮,禪,布施,薩云若,功德,眾生,阿耨多羅三耶三菩,持戒,十善,忍地,忍辱,五波羅蜜,漚惒拘舍羅,諸禪,諸法,諸法之性,內空,外空,有無空,內法,眼耳鼻舌身意,垢,色聲香味細滑法,內六衰,外六衰,諸法之空,空空,大空,最空,泥洹,有為空,三界,無為空,不生不滅,至竟空,不可得原空,無作空,性空,羅漢,辟支佛,諸佛世尊,五陰,十二衰,十八性,有為法,無為法,自相空,色相,所受相,想,識,無所得空,無空,有空,異以異為空,五陰性,無所成,法性,法寂如,真際,住如,餘事空,百七三昧,三昧,首楞嚴三昧,寶印三昧,師子遊戲三昧,月三昧,月幢三昧,在諸法上三昧,照頂三昧,法性畢三昧,必造幢三昧,金剛三昧,法所入印三昧,安住三昧,放光明三昧,勢進三昧,等步三昧,入辯才教授三昧,過量音聲三昧,照處處三昧,總持印三昧,不忘三昧,一切法所聚海三昧,虛空普三昧,金剛部三昧,寶勝三昧,熾炎三昧,無願三昧,審住三昧,選擇三昧,無垢燈三昧,無限光三昧,作光明三昧,普照明三昧,淨要三昧,無垢光三昧,造樂三昧,電明三昧,無盡三昧,上威三昧,畢盡三昧,不動三昧,不別三昧,日燈三昧,月無垢三昧,淨光明三昧,四無礙慧,作明三昧,造作三昧,諸慧三昧,住意三昧,現明三昧,安立三昧,寶積三昧,法印三昧,等三昧,棄樂三昧,過法定三昧,散結三昧,解諸法句三昧,等文字三昧,畢字三昧,斷因緣三昧,無態三昧,無行三昧,無窟行三昧,畢陰三昧,主行三昧,不起三昧,度境界三昧,聚諸善三昧,止選三昧,清淨華三昧,七覺意,主覺三昧,無限辯三昧,無等等三昧,度諸法三昧,決斷三昧,散諸狐疑三昧,無住三昧,一行三昧,眾生所入三昧,一事三昧,厭該眾事三昧,散諸生死勞怨三昧,眾行音所入三昧,脫諸音響字三昧,然炬三昧,淨相三昧,無准三昧,具足眾事三昧,不願苦樂三昧,事不減三昧,持迹三昧,邪正聚三昧,滅恚諍三昧,無恚三昧,主要三昧,明月滿無垢炎三昧,大莊飾三昧,與世間作光明三昧,三昧等,無忿三昧,無倚無窟無樂三昧,最如三昧,身骸,斷口行與空合三昧,虛空本脫無色三昧,陀隣尼,四意止,癡,痛意行法,地水火風,不淨,髮毛爪齒筋骨五藏三十六物,覺意法,癡惑意,漸御四意斷,惡意法,善事法,四神足,樂定,精進定,持意定,智之定,五根,信根,精進根,志根,定根,智慧根,五力,信力,精進力,志力,定力,智慧力,志覺意,法覺意,精進覺意,悅喜覺意,信覺意,定覺意,適無以著覺意,賢聖八品道,正見,正念,正言,正行,正業,正習,正志,正定,空三昧,無相三昧,無願三昧,諸慧事,苦慧,習慧,盡慧,道慧,消慧,無所起慧,法慧,明慧,各各知他人所念慧,真慧,如來薩云若智,三根,學士,白衣,須陀洹,斯陀含,阿那含,佛,第一有覺有觀,無覺有觀,無覺無觀,第一禪,二禪,無思想無思想慧禪,十念,佛念,法念,僧念,戒念,施念,天念,滅念,安般念,身苦念,死亡念,四禪,四等,四無形禪,八惟無禪,九次第禪,佛十種力,四無所畏,沙門,婆羅門,魔,天,梵,梵輪,漏,正覺,師子吼,佛十八法,陀隣尼目佉,字門,阿,羅,波,遮,那,陀,茶,沙,和,多,夜,吒,加,娑,摩,伽,他,闍,濕波,大,赦,佉,叉,侈,若,伊陀,繁,車,叵,蹉,峨,咃,破,歌,嵯,嗟,嗏,四諦,十二緣起事,善知識,天耳徹聽,自識宿命,消諸漏,摩訶僧那僧涅,三拔致,第一地,三垢,四等心,出家,佛身,相好,法財,戒,報恩,大慈,佛國土,善本,慚愧,宴坐,少欲,知足,沙門十二法行,欲污穢,起意如泥洹,懈慢,比丘尼,嫉妬,忿諍,鬪訟,高住,蔑人,聲聞意,小意,吾我想,壽有命想,斷,常,念想,種想,入陰,入性,入衰,依佛見,依法見,依僧見,依戒,無相,無願,道,慧,淨身口意,慈哀,等視諸法,導御,無所生忍,一道教化,斷諸分別,轉於想,轉於見,轉於滅垢見,慧地,自調意,無所礙,不染於欲事,神通,幻三昧,無限處廣大之願,天龍閱叉犍陀羅,胞胎,剎利,婆羅門,過去諸菩薩種,黃金為樹七寶為枝葉,如來,十二部經,滅恚怒,下賤之處,二識之處,比丘尼眾,瞋恚,龍戾,顛倒,婬怒癡,平等道,斷截,常見,名色,虛空,佛見,空諍,相,無願智,大悲,二教,垢濁,佛眼,六衰,佛國想,遮迦越羅地,三千大千國土,世尊十力,鬼神,辯才慧,化生,佛樹,七寶,薩云若慧,三十七品,滅淨地,種性地,八地,見地,薄地,除垢地,所作已作地,辟支佛地,菩薩地,佛地,五眼,十住地,等正覺,須陀洹果,斯陀含果,阿那含果,阿羅漢果,辟支佛果,佛果,名相,設法教數,無所生,無所滅,無所著,無所斷,無所有,摩訶般若波羅蜜問摩訶衍品",,
放光經,T 221 (5),"佛,世尊,摩訶衍,菩薩摩訶薩,波羅蜜,空,六波羅蜜,陀羅尼門,三昧門,首楞嚴三昧,虛空際解脫無所著三昧,內外空,無有空,三十七品,佛十八法,欲界,色界,無色界,劫盡燒,痛想行識,眼耳鼻舌身意,色聲香味細滑法,十二因緣,法性,如,真際,不可思議,八輩地法,須陀洹法,斯陀含法,阿那含法,阿羅漢法,辟支佛法,阿惟三佛法,佛法,種性,初發意,佛坐,金剛慧,習緒,薩云若,如來,無所著,等正覺,三十二大士之相,法輪,沙門,婆羅門,鬼神,魔,梵,無餘泥洹界,般泥洹,三界,十住意,須陀洹道,斯陀含道,阿那含道,阿羅漢道,弟子地,辟支佛地,阿惟三佛地,我,非我,不相,不願,寂,阿僧祇,泥洹性,吾我緒,知見緒,真際緒,五陰緒,六情,般若波羅蜜,五陰,識性空,有為,無為,苦習盡道,十二衰,十方,三脫門,四意止,四意斷,四神足,五根,五力,七覺意,賢聖八品道,四無礙慧,大慈大悲,十種力,四無所畏,十八不共,無所望法,漏法,無漏法,十八性,苦習盡道法,不可思議性,一相,不生,空寂不真,緣覺,眼識意識,眼栽至意意栽至因緣法,羅漢法,十住,道法,教法,地水火風空識,身口意行,已記法,未記法,我所,道士,遠離,檀波羅蜜,禪波羅蜜,不二,凡人,凡人法,五趣,三應滅,三垢薄,五應滅,滅上五,勤苦行,父想,母想,子想,身想,世俗,俗檀波羅蜜,布施,阿耨多羅三耶三菩,三礙意,施想,菩薩道,空無相無願三脫門,三乘,不疑不懼,大慈大悲之念,三千大千剎土,阿須倫,天",,
放光經,T 221 (6),"般若經, 三藏, 摩訶, 般若波羅蜜, 品, 三千大千剎土, 四天王, 諸天子, 釋提桓因, 首陀會天, 世尊, 尊者, 須菩提, 菩薩, 菩薩摩訶薩, 阿耨多羅三耶三菩意, 生死界, 功德, 拘翼, 薩云若意, 色, 無常, 苦, 空, 非身, 痛, 想, 行, 識, 六情, 六性, 五陰, 淨, 寂, 癡, 愛習, 十二因緣, 滅, 眾苦, 三十七品, 佛十八法, 檀波羅蜜, 尸波羅蜜, 羼波羅蜜, 惟逮波羅蜜, 禪波羅蜜, 法法相續, 耆年, 佛, 如來, 無所著, 等正覺, 弟子, 六波羅蜜, 阿惟三佛, 一空, 無有二, 內外空, 有無空, 三昧門, 陀隣尼門, 聲聞乘, 辟支佛乘, 薩云若, 須陀洹, 阿羅漢, 辟支佛, 苦樂, 淨不淨, 我非我, 空不空, 滅不滅, 寂不寂, 第十地, 阿惟越致地, 五通, 神通, 阿僧祇佛國, 眾生, 幢幡, 香華, 繒蓋, 阿耨多羅三耶三佛, 五眼, 肉眼, 天眼, 法眼, 慧眼, 佛眼, 三昧, 四無礙慧, 四無所畏, 佛十種力, 四等心, 大慈大悲, 三十二大士之相, 八十種好, 八輩事, 斯陀含, 般泥洹, 阿那含, 阿羅漢證, 無餘泥洹, 菩薩地, 道事慧, 轉法輪, 四神足, 恒邊沙劫, 三毒, 幻化人, 夢, 幻, 泥洹, 舍利弗, 大目揵連, 摩訶拘絺羅, 摩訶迦旃延, 邠耨文陀尼子, 大迦葉, 阿難, 阿惟越致菩薩摩訶薩, 見諦阿羅漢, 善知識, 善男子, 善女人, 信樂, 無相, 無願, 無所生, 無所滅, 寂淨, 緣起, 三乘, 總持, 十住道地, 吾我, 知見, 壽命, 薩云若慧, 法雨, 阿迦膩吒天, 閱叉, 比丘僧, 供養, 敷坐, 法數, 空色, 增五陰, 減五陰, 梵王, 梵天, 眷屬, 婇女眾, 法, 提和竭佛, 花嚴國, 阿僧祇劫, 釋迦文, 無上士, 道法御, 天人師, 比丘, 比丘尼, 優婆塞, 優婆夷, 魔, 魔天子, 非人, 忉利天, 炎天, 兜術天, 尼摩羅天, 波羅尼蜜天, 阿波會天, 首訶既那天, 菩薩來往因緣, 三惡趣, 天人, 十善, 四禪, 四空定, 剎利, 長者, 婆羅門, 轉輪聖王, 教授眾生, 淨佛國土, 佛世尊, 三寶, 阿須倫, 世間人, 興, 三耶三佛, 漚惒拘舍羅, 佛剎, 善本, 家成就, 父母成就, 生成就, 眷屬成就, 相成就, 光明成就, 眼成就, 耳成就, 三昧成就, 陀羅尼成就, 降眾生, 異學外道, 部界, 貪, 諍, 惡戒, 鬪訟, 怨恚, 懈怠, 亂意, 惡智, 生死恩愛, 拔擢, 勸助安立, 度脫, 地處魔, 威德, 婬, 怒, 癡, 無黠, 我見, 人見, 眾生見, 盡見, 常見, 無垢見, 無有見, 眾邪見, 嫉惡戒見, 瞋恚見, 樂想, 淨想, 我想, 恩愛行, 增益五根, 嫉妬, 殺生, 慈, 不與取, 盜, 清淨, 妄語, 麤言, 惡口, 綺語, 邪見, 正見, 根, 力, 道品, 三三昧, 八惟無禪, 九次第禪, 如來十力, 智慧, 布施, 持戒, 精進, 忍辱, 一心, 貪嫉, 毀壞諸根, 覆面舌相, 菩薩具足行身, 度羅漢辟支佛地, 波羅蜜, 貢高, 吾我想, 施想, 物想, 受施者想",,
放光經,T 221 (7),"摩訶般若波羅蜜,般若經,三藏,佛,六波羅蜜,婬欲,恚,癡,邪見,習緒,恩愛,薩云若,無上,五陰,阿耨多羅三耶三佛,如來,無所著,等正覺,阿惟三佛,阿迦膩吒天,道場,眾生,三乘,般泥洹,舍利,福,薩云若慧,三十七品,佛十八法,三昧門,陀隣尼門,菩薩摩訶薩,菩薩,大慈大悲,須陀洹,羅漢,辟支佛,三尊,法,比丘僧,比丘,僧,布施,持戒,忍辱,精進,禪,空,內外空,有無空,三脫門,八惟無,九次第禪,六通,四等,四空定,四無礙慧,阿惟越致地,漚惒拘舍羅,禪波羅蜜,惟逮波羅蜜,羼波羅蜜,尸波羅蜜,檀波羅蜜,此岸,彼岸,四天下,小千國土,中千國土,三千大千國土,剎土,恒邊沙剎土,五戒,十善,四諦,佛十種力,四無所畏,道,如來五眼,聲聞,佛乘,三寶,轉法輪,淨佛國土,法性,法位,真際,如,魔,四輩弟子,欲天子,色天子,阿須倫眾,忉利天,無餘泥洹,六情,緣起,金剛三昧,三界,十二部經,有為法,無為法",,
放光經,T 221 (8),"放光般若經,摩訶般若波羅蜜,釋提桓因,閻浮提,十善,拘翼,世尊,般若波羅蜜經,無漏之法,羅漢,辟支佛,菩薩道,阿惟三佛,三十七品,空,三脫門,四諦,內外空,有無空,佛十種力,三惡趣,須陀洹,斯陀含,阿那含,阿羅漢,阿耨多羅三耶三菩意,續佛種,菩薩,四天王,無思想無思想慧天,薩云若,四天下,小千天下,中千天下,三千大千國土,恒邊沙國土,四禪,四等,四空定,五神通,五波羅蜜,檀波羅蜜,尸波羅蜜,羼波羅蜜,惟逮波羅蜜,禪波羅蜜,智,六波羅蜜,菩薩摩訶薩,二事,不二,五陰,十二衰,十八性,六衰,四無所畏,四無礙慧,佛十八法,法施,供養施,聲聞,緣覺,聲聞、辟支佛乘,彌勒菩薩,阿耨多羅三耶三菩,般泥洹,法滅盡,善本,無漏之戒,無戒善本,三昧之福,智慧之福,解脫之福,見解脫慧之福,大慈大悲,阿僧祇,顛倒想,無常,苦,無我,虛空,道意,善知識,法空,亡所信,阿惟越致,空相,法性,無相,菩薩宗,無所著,等正覺,阿須倫,真陀羅,摩睺勒,首陀會諸天,漚惒拘舍羅,不二入,梵迦夷天,阿迦膩吒天,代其歡喜,戒品,三昧品,智慧品,解脫品,解脫見慧品,無所取,無所捨,無縛無脫之法,無縛法,無所敗法,無所壞法,泥洹,邪求,功德,諸法,法",,
放光經,T 221 (9),"放光般若經,三藏,摩訶般若波羅蜜,舍利弗,佛,世尊,般若波羅蜜,三界,三十七品,五荒見蔽者,邪徑,正導,薩云若,習緒,菩薩,佛法,生死,五波羅蜜,三轉十二事,法輪,辟支佛,阿羅漢,須陀洹,十善,四禪,四等,四空定,五通,內外空,有無空,佛十種力,十八法,釋提桓因,拘翼,菩薩摩訶薩,漚惒拘舍羅,五陰,六波羅蜜,阿耨多羅三耶三菩,泥犁,無所著,等正覺,佛國,聲聞,淨佛國土,善男子善女人,慢意,無黠,斷薩云若,畜生,炎樓,薜荔形,貧家,殺人家,魚獵家屠殺家,下賤乞匃人家,盲聾瘖瘂不能言,邊地無佛無法無弟子處,五無間罪,沙門,正見,魔所使,惡知識,瞋恚,貢高,訾蔑,色,痛,想,行,識,六情,色聲香味細滑法,十八性,十二因緣,懈怠,慧進,亂志,道,果,吾我,婬怒癡,栽,覺,愛,受,有,生,死,有為,無為,泥洹,福,法性,真際,不可思議,無所作,常無常,苦樂,淨不淨,好不好,縛解,眼耳鼻舌身意,幻人,僧那僧涅,三千大千剎土,恒邊沙,空寂,空,無相,無願,戒性,三昧性,智慧性,解脫性,見解脫慧性,三寶,比丘,梵天王,四天王,首陀會天,彌勒菩薩摩訶薩,賢劫,法師,六齋,三惡趣,人天道,大姓梵志長者家,三十三天,斯陀含,阿那含,四無所畏,欲界,形界,無形界,法身,天子,閻浮提,無所從生法忍,空空",,
放光經,T 221 (10),"放光般若經, 三藏, 摩訶般若波羅蜜, 須菩提, 佛, 世尊, 般若波羅蜜, 諸法, 空, 不生, 生死, 無著, 法性, 無住, 無婬, 無恚, 不癡, 冥, 無有垢, 狐疑, 眾生, 聲聞, 辟支佛, 佛地, 無常, 苦, 無有我, 無有想, 內空, 外空, 內外空, 空空, 大空, 至竟空, 無為法, 有為空, 有為法, 常空, 無有際空, 所作事空, 性空, 諸法空, 自相空, 有無空, 四意止, 身痛意法, 四意斷, 神通, 四神足, 五根, 五力, 七覺意, 無願, 無相, 脫, 八惟無, 九次第禪, 檀, 戒, 羼, 惟逮, 禪, 慧, 十力, 通事慧, 分別智, 一切慧無礙, 佛法, 如來, 真知識, 功德, 菩薩, 阿惟越致, 薩云若慧, 薩云若, 道慧, 習緒, 轉法輪, 須陀洹, 斯陀含, 阿那含, 阿羅漢, 三耶三菩, 比丘僧, 四無所畏, 五陰, 眼耳鼻舌身意, 色聲香味細滑法, 十二衰, 過去五陰, 當來五陰, 現在五陰, 菩薩摩訶薩, 阿耨多羅三耶三菩, 記莂, 辟支佛地, 諸天, 施與, 仁愛, 利人, 同義, 十善, 四禪, 四空定, 佛國土, 陀隣尼門, 童真地, 淨潔行地, 魔波旬, 佛眼, 惡趣, 比丘, 比丘尼, 優婆塞, 優婆夷, 四輩學士, 泥曰, 生老病死, 發意, 六衰, 眾僧, 精進, 魔事, 辯才, 三脫門, 道法, 俗法, 轉輪聖王, 凡夫, 摩尼寶, 漚惒拘舍羅, 三十七品, 六波羅蜜",,
放光經,T 221 (11),"般若經,三藏,摩訶般若波羅蜜,品,佛,須菩提,法師,魔事,供養,少欲知足,守戒,精進,禪定,阿練寂晏,十二法,犯律,施與,十二部經,六波羅蜜,六度,漚惒拘舍羅,陀隣尼,五陰,蓋,五蔽,三惡趣,阿耨多羅三耶三菩,羅漢,辟支佛,魔波旬,沙門,比丘,受記莂,狐疑,真際之證,須陀洹,菩薩,內空,外空,有無空,三十七品,三脫門,如來,薩云若,佛法,諸法盡空,閻浮提,愚癡,善本,真知識,無所著,等正覺,佛事,阿惟越致菩薩摩訶薩,摩訶薩,佛眼,薩云若慧,五波羅蜜,十力,十八法,斯陀含,阿那含,阿羅漢,三耶三佛道,阿惟三佛,菩薩之母,世間之大明,空,無相,無願,有為,無為,眾生,欲界,形界,無形界,三界,婬怒癡,五眼,如,如如,無作如,無相如,無進如,無戲如,無我如,無猗如,八惟無禪,九次第禪,四無礙慧,四等心,四無所畏,大慈大悲,道法俗法,有漏無漏之法,一如,漏盡羅漢,相,無相,無願相,無行之相,無生滅相,無著無斷相,無所有之空相,無所依相,虛空之相,龍,鬼神,阿須倫,檀波羅蜜,尸波羅蜜,羼波羅蜜,惟逮波羅蜜,禪波羅蜜,般若波羅蜜相,四禪,四空定,苦相,寂相,淨相,無願脫門,無所共相,無礙慧,比丘尼,優婆塞,優婆夷,漏盡意解,遠塵離垢,法眼生,無所從生法忍,賢劫,轉輪聖王,弟子法,辟支佛法,諸菩薩法,諸佛法,不受不入,三耶三佛,聖賢,泥洹,三乘,聲聞,兜術天上,彌勒菩薩,六通,二地,信樂,淨佛國土,貢高,彼岸,此岸,吾我念,十二衰,十八性,十惡之法,十二因緣,癡,愛,吾我根本,六十二見,不可思議,不可稱量,不可限,無有與等",,
放光經,T 221 (12),"HTTP error occurred: 500 Server Error: Internal Server Error for url: https://generativelanguage.googleapis.com/v1beta/models/gemini-2.5-flash:generateContent?key=AIzaSyAtsMSj9zZu2zmMWvGRvIyQcx1O58WL-ss - Response: {
  ""error"": {
    ""code"": 500,
    ""message"": ""An internal error has occurred. Please retry or report in https://developers.generativeai.google/guide/troubleshooting"",
    ""status"": ""INTERNAL""
  }
}
",,
放光經,T 221 (13),"HTTP error occurred: 500 Server Error: Internal Server Error for url: https://generativelanguage.googleapis.com/v1beta/models/gemini-2.5-flash:generateContent?key=AIzaSyAtsMSj9zZu2zmMWvGRvIyQcx1O58WL-ss - Response: {
  ""error"": {
    ""code"": 500,
    ""message"": ""An internal error has occurred. Please retry or report in https://developers.generativeai.google/guide/troubleshooting"",
    ""status"": ""INTERNAL""
  }
}
",,
放光經,T 221 (14),"三藏,摩訶般若波羅蜜,世尊,菩薩摩訶薩,般若波羅蜜,空三昧,無相三昧,無願三昧,三十七品,五陰,欲界,色,無色界,空法,三三昧,根,力,覺意法,聲聞證,薩云若,須陀洹,羅漢,辟支佛,四等,大慈大悲,十種力,四無所畏,十八法,漚惒拘舍羅,功德,阿耨多羅三耶三菩,阿惟三佛,真際,如,法性,本空,自空,三脫,厭,願志,無端緒之法,三脫門,內空,外空,有無空,我想,人想,壽命想,見知想,四禪,四空定,四無礙慧,四顛倒,常想,淨想,樂想,無常,不淨,無樂,無我,佛三昧,倚著,吾我,六衰,滅,無所作,無所生,無所有,受記莂,阿惟越致菩薩,諸地,三界,壞三界,四輩之眾,變化神通,佛土,泥犁,薜荔,禽獸,三惡趣,魔波旬,威神,魔事,五陰如,真知識,沙門十二法,同學,魔之眷屬,邪見,勞垢,顛倒行,邪福,爭,怨恚,三惡之業,却若干劫,僧那,苦厄,檀波羅蜜,等學,道,消五陰,五陰不染,滅五陰,不生五陰,諸學表,第一學,尊業,三合十二法輪轉,不斷佛種,開甘露法門,無為法,下劣之人,生死之根,邊地,栴陀羅家,十惡,邪以自生活,長壽天,禪計,凡夫愚人,遮迦越羅福,粟散小王,入薩云然,入羅漢、辟支佛道,嫉意,犯戒意,恚意,亂意,懈怠意,愚癡意,三毒意,疑意,無生法,總持,六十二見,摩尼寶,法性常住,增,減,非一非二,無所從生法忍,摩訶衍慧,釋提桓因,甚深微妙,不可思議,本淨,書持學者,閻浮提,五通,阿須倫,佛名號,道場,四鉢,須焰天子,兜率天子,尼摩羅天,波羅尼蜜天,首陀會諸天,佛事,三千大千國土,狐疑,惡知識,阿難,三乘,十善地,賢聖之表,薩云然種地,大徑路",,
放光經,T 221 (15),"阿那含,阿難,阿耨多羅三耶三菩,阿閦如來,阿僧祇,阿須倫,阿惟越致地,阿惟越致菩薩,阿羅漢,愛,安立眾生,八惟無禪,般若波羅蜜,寶造菩薩,薜荔,辟支佛,比丘,比丘僧眾,不害眾生命,不犯不與取,不犯梵行,不犯十戒,不可思議,不倚二地,不[打-丁+此],布施,菩薩,菩薩三昧,佛,佛法,佛剎,佛十種力,佛道,分別,梵行,梵釋,放光般若經,甘露地,揵沓和,廣長舌相,國土,恒邊沙,幻,幻人,有,有常有無常,有苦有樂,有我無我,有淨無淨,有為,有為空,有無空,恚恨,寂,劫,戒身口意,解脫,甄陀羅,淨佛國土,精進,九次第禪,拘翼,苦行,空,空空,老病死憂悲勤苦,六波羅蜜,六度之法,六入,六衰,摩訶般若波羅蜜,摩睺勒,滿法闍三昧,曼陀羅花,盟誓,冥,妙樂佛國,名色,魔,魔波旬,中道取證,泥洹,泥犁,內外空,內空,善本功德,善知識,善男子,善女人,聲聞,聲聞辟支佛法,生,舍利弗,神足變化,師子奮迅三昧,十八法,十八性,十惡,十住,十善,十二緣起,識挽菩薩,首陀會諸天,受記莂,須菩提,須陀洹,順忍,斯陀含,薩云然,三寶,三界,三昧,三昧越,三千大千剎土,三事淨施,三脫門,三乘,隨喜,貪嫉,檀波羅蜜,刀仗支解,大慈大悲,大明,大乘,大空,大龍,逮覺,兜術天上,地,等法,等正覺,得自在,得等解脫,陀羅尼,天耳徹聞二聲,天眼見眾生所得報應隨行善惡,天上,天子,癡,癡際,總持,轉法輪,轉還者,五陰,五情,五趣,五神通,無,無對,無蓋之蓋,無堅固,無漏法願,無滅,無生,無生者,無生死,無所從生,無所得法,無所得行,無所愛惜,無所著,外空,威神,惟逮波羅蜜,我,邪見,行性空,意知眾生念,已出解慧,已度諸願,悉捨重擔,一生補處菩薩,意已得脫,有以無,正士,至竟無底空,諸法等,諸法淨,諸法無所生,諸好,諸漏已盡,殖諸善本",,
放光經,T 221 (16),"HTTP error occurred: 500 Server Error: Internal Server Error for url: https://generativelanguage.googleapis.com/v1beta/models/gemini-2.5-flash:generateContent?key=AIzaSyAtsMSj9zZu2zmMWvGRvIyQcx1O58WL-ss - Response: {
  ""error"": {
    ""code"": 500,
    ""message"": ""An internal error has occurred. Please retry or report in https://developers.generativeai.google/guide/troubleshooting"",
    ""status"": ""INTERNAL""
  }
}
",,
放光經,T 221 (17),"放光般若經,三藏,摩訶般若波羅蜜,教化眾生,須菩提,菩薩摩訶薩,薩云若,初發意,尸波羅蜜,婬怒癡,諸法相空,無所有,無為,漚惒拘舍羅,淨佛國土,般若波羅蜜,四禪,四等,四無形禪,禪福,觀行淨,須陀洹,阿羅漢,三十七品,二地,無所從生法忍,八惟無,九次第,佛十力,四無所畏,四無礙慧,佛十八法,大慈大悲,世尊,五陰,六波羅蜜,三脫門,逮覺,戲言,四諦,辟支佛,菩薩十住,習緒,上菩薩位,金剛三昧,聲聞,八地,斯陀含,阿那含,佛地,阿耨多羅三耶三菩,阿惟三佛,三乘,道慧,泥犁,薜荔,畜生,真陀羅,摩睺勒,諸龍,閱叉,四天王,三十三天,四空定,法相,虛空,內空,外空,有無空,賢聖法律,最義,如來,無所著,等正覺,戒行,欲界,色界,無色界,一相無相,無相度,六情,不淨,三尊,三福,滅盡,安般守意,無常相,苦相,非我相,四顛倒,十二因緣,吾我,壽命,知見相,十慧,貪,著諸有,三惡處,順忍,六衰,愛,受,有,生,死,憂悲勤苦,六通,一合相智,五通,檀波羅蜜,布施,財施,三昧,智慧,解脫,見解脫慧,忍,羼波羅蜜,精進,惟逮波羅蜜,善惡法,有漏無漏法,賢法愚法,三界法,有為無為性法,僧,施,天念,六念,道行,佛法,比丘僧,著斷,般泥洹,十住,諸魔魔天,八十種好,道場,二忍,神通,神足,善本法,三倒,十二法輪轉,禪波羅蜜,電光三昧,真禪三昧,諸陀隣尼門,福田,阿須倫,幻法,無所得法,世俗數,法性教,真際教,幻,響,夢,影,熱時焰,化,無相,賢聖無漏法,轉輪聖王,化佛,一劫,佛國土",,
放光經,T 221 (18),[],The file '/Users/alexamies/buddhist-dictionary/corpus/taisho/t0221_18txt' was not found.,
放光經,T 221 (19),"摩訶般若波羅蜜,品,菩薩摩訶薩,六波羅蜜,三十七品,佛十種力,四無所畏,四無礙慧,佛十八法,十八空,菩薩道,阿耨多羅三耶三菩,般若波羅蜜,漚惒拘舍羅,檀波羅蜜,五陰,三乘,凡夫,聲聞,辟支佛,三耶三佛,十二衰,布施,持戒,忍辱,精進,一心,智慧,賢聖,二諦,五趣,三界,有為,無為,生死,法相空,顛倒,阿惟三佛,四禪,四等,四空定,三脫門,八惟無,九次第禪,金剛三昧,佛土,遮迦越羅,四事攝取眾生,尸波羅蜜,禪波羅蜜,惟逮波羅蜜,無漏之意,薩云若,俗法,漏無漏,十住,法性,三十二相,八十種好,十惡,二地,邪見,婬怒癡,三千大千國土,三尊,空,無相,無願,正法,真知識,吾我見,六十二見,邊際,有常,佛乘,初發意菩薩,阿惟越致,長壽天,邊地,大慈大悲,善本功德法,坐道場,習緒,四雙八輩,無漏之慧,神通,天眼,天耳,神足,知他人意,自知所從來生死之事,四意止,四意斷,四神足,五根,五力,七覺意,賢聖八品道,陀隣尼門,轉法輪,四諦,苦,習,盡,道,真際,種性住,滅盡定,四天王,四顛倒,須陀洹,斯陀含,阿那含,羅漢,無常,無我,空無之法,著斷,無形,因緣,五道,惡趣",,
放光經,T 221 (20),"放光般若經,三藏,摩訶般若波羅蜜,諸法,須菩提,世尊,佛,法性,真際,菩薩,空,阿耨多羅三耶三菩,六波羅蜜,神通,慧度,四禪,四等,四空定,三十七品,三脫門,八惟無,九次第禪,十力,佛十八法,三十二相,八十種好,陀隣尼門,薩云若,有為,泥洹,顛倒,甘露地,漚惒拘舍羅,第一義,俗數,如來,等覺,等正覺,聖賢,聲聞,辟支佛,佛寶,法寶,比丘僧寶,三惡趣,人道,三十三天,內外空,所有無所有空,大士,五陰,色法,痛想法行法,識法,眼法,耳法,鼻法,舌法,身法,意法,地,水,火,風,婬,怒,癡,六十二見,四無畏,四無礙慧,無為,菩薩位,二地,佛剎,殖眾善本,淨佛國土,四恩,吾我,四大相,十二衰相,不有為界,幻師,須陀洹,羅漢,佛諸習緒滅,不起不滅,泥洹非化,雷音如來,梵清淨之行,生死苦,無相,無願,惡知識,善知識,魔波旬,五樂,金剛,無我無人壽命,長者,三千大千國土,波曇花,分陀利花,拘文羅花,優鉢利花,阿惟越致,法上菩薩,僧那僧涅,不思議淨戒,轉法輪,帝釋,供養,三昧門,恒邊沙,比丘僧,釋迦文,薩陀波倫菩薩,嘱累品,尊道之御,彌勒菩薩,舍利弗,大目犍連,分耨文陀尼子,摩訶拘絺羅,摩訶迦旃延,阿難,阿須倫,經行,三垢",,
放光經,T 221 (1),"放光般若經, 三藏, 摩訶般若波羅蜜, 聞如是, 佛, 羅閱祇, 耆闍崛山, 比丘, 阿羅漢, 漏已盡, 優婆塞, 優婆夷, 菩薩, 摩訶薩, 陀隣尼, 空行三昧, 三昧, 無相, 無願, 等忍, 無罣礙陀隣尼門, 五通, 深法忍, 精進力, 魔行, 死地, 阿僧祇劫, 幻, 夢, 響, 光, 影, 化, 水中泡, 鏡中像, 熱時炎, 水中月, 慧, 持忍, 佛國, 補處, 世尊, 高座, 結跏趺坐, 正受定意, 三昧王, 天眼, 三千大千國土, 恒邊沙, 無上正真道意, 如來, 無所著, 等正覺, 法, 廣長舌, 千葉寶華, 六波羅蜜, 說法, 師子座, 師子遊戲, 神足, 六反震動, 地獄, 餓鬼, 蠕動之類, 八難處, 天上, 人中, 第六天, 宿命, 稽首, 三惡趣, 十善, 梵事, 第三禪, 師子床, 山王須彌, 首陀會天, 梵天, 釋天, 四王天, 供養, 幢幡, 繒綵, 華蓋, 閻浮提, 沙訶國土, 釋迦文佛, 總持, 律行, 善男子, 善女人, 忍界, 問訊, 諸比丘僧, 文殊師利, 魔, 龍, 鬼神, 沙門, 婆羅門, 舍利弗, 新發意者, 一切諸法, 布施, 檀波羅蜜, 罪, 福, 尸波羅蜜, 恚意, 羼提波羅蜜, 身口常精進, 意不懈怠, 惟逮波羅蜜, 六情, 禪波羅蜜, 四意止, 四意斷, 四神足, 五根, 五力, 七覺意, 賢聖八品道, 空三昧, 無相三昧, 無願三昧, 四禪, 四等, 四無形三昧, 八解禪, 九次第禪, 九相, 新死相, 筋纏束薪相, 青瘀相, 膿相, 血相, 食不消相, 骨節分離相, 久骨相, 燒焦可惡相, 念佛, 志法, 志比丘僧, 志在施戒, 志在安般守意, 無常, 苦, 空, 無我, 人想, 無所樂想, 無生滅想, 無道想, 無盡想, 無所起想, 善想, 法想, 覺意三昧, 無畏三昧, 有想有畏, 無想無畏, 亦無想亦無畏, 八患, 十二衰, 佛十力, 十八法, 四無所畏, 四無礙慧, 大慈, 大悲, 薩云若, 生死, 習緒, 菩薩位, 聲聞, 辟支佛地, 阿惟越致地, 六通, 功德, 見解脫慧, 大士, 三十二相, 八十種好, 菩薩種姓, 鳩摩羅浮, 道, 內空, 外空, 大空, 最空, 空空, 有為空, 無為空, 至竟空, 無限空, 所有空, 自性空, 一切諸法空, 無所猗空, 無所有空, 諸法如, 諸法性, 諸法真際, 須彌大山, 鉢, 無餘泥洹, 慧方便, 無所猗法, 無瞋無喜, 狐疑, 有為, 無為, 法相, 覺滅際, 內眷屬, 菩薩眷屬, 無相施, 惡意, 亂意, 惡智, 念, 五眼, 肉眼, 智眼, 法眼, 佛眼, 天耳, 阿耨多羅三耶三菩, 剎土, 十二部經, 諷誦, 三寶音, 正見, 罪地, 人身, 戒行, 斯陀含, 阿那含, 佛威儀, 道事俗事, 輪跡, 阿迦膩吒天, 佛樹, 金剛, 轉法輪, 遠塵離垢, 諸法法眼淨, 漏盡意解, 壽命無量, 般泥洹, 婬怒癡, 四鉢, 阿須倫種, 梵行, 色欲, 犯欲, 行道者, 童男行, 漚惒拘舍羅, 五欲, 出家, 五陰, 色陰, 痛陰, 想陰, 行陰, 識陰, 不生不滅, 無著無斷, 假號, 吾我, 無眾生, 無人, 無作無造, 無成者, 無受者, 無授者, 無見無得, 無所出生, 無有差別, 不出不生, 道法因緣, 辟支佛, 阿惟三佛, 福田, 五戒, 八齋, 三十七品法, 報施恩, 十善之法, 色, 痛, 想, 行, 識, 眼耳鼻舌身意, 色聲香味細滑識法, 眼色識, 耳聲識, 鼻香識, 舌味識, 身細滑識, 法性識, 四諦, 十二因緣, 癡, 所作行, 名色, 六入, 栽, 愛, 受, 有, 生, 死, 七空合, 生五陰法, 滅五陰法, 著五陰法, 斷五陰法, 色聲香味細滑法, 十八性, 有我無我, 無底空, 諸法相空, 生空, 無生空, 真空, 偽空, 如, 真際, 神通, 徹視, 徹聽, 知他人意, 自知宿命, 普慈, 三昧門, 受莂, 眾生相, 起滅, 空行, 大慈大悲, 嫉慢意, 亂怠意, 惡智意",,
放光經,T 221 (2),"放光般若經,三藏,摩訶般若波羅蜜,菩薩摩訶薩,般若波羅蜜,兜率天上,佛國,人道,陀隣尼,三昧門,眾智門,智慧,深法要,阿惟越致,世尊,漚惒拘舍羅,四禪,六波羅蜜,禪福,長壽天,四等意,四無形禪念,三十七品,大慈大悲,拔陀劫,覺者,梵志家,迦羅越家,四王天,忉利天,第六天,梵天,轉法輪,一生補處菩薩,空,無相,無願,三昧,兜術天,阿惟三佛,六神通,欲界,形界,無形界,佛剎,聲聞,辟支佛,三尊,四清淨,佛十八法,三界,菩薩位,阿惟越致地,般泥洹,無餘界,阿僧祇劫,檀波羅蜜,尸波羅蜜,羼波羅蜜,惟逮波羅蜜,禪波羅蜜,解脫禪定,無思想慧禪,蒱佉闍三昧,小道,道慧,一生補處,道場,降致魔,大士三十二相,三乘法,十善之行,遮迦越羅,法化,摩訶目揵連,須菩提,摩訶迦葉,優婆塞,優婆夷,法度,空無相度,有無空度,龍,鬼神,阿須倫,轉輪聖王,四大天王,須陀洹道,羅漢,佛道,廣長舌相,三千大千世界,恒沙國,釋迦文,沙訶,忍界,阿閦佛國,比丘,阿難,彌勒佛,沙門,沙訶樓陀剎土,莊嚴王如來,無所著,等正覺,大弟子,佛威神,佛子,色痛想行識,六情,十八性,佛十種力,四無所畏,不共,阿耨多羅三耶三菩,薩云若,慧眼,肉眼,天眼,法眼,佛眼,閻浮提,四天下,千世界,二千世界,三千世界,有為法,無為法,道法,俗法,堅信堅住於法,無相之脫立,無願之脫立,五根,不中止定,解脫慧,三礙,有身礙,狐疑礙,邪信礙,須陀洹,婬怒癡,斯陀含,阿那含,五愛,色愛,無色愛,癡愛,恨戾愛,亂志愛,空脫,五力,功德,信根,精進辦根,王者家,受決,漏盡之證,色聲香味細滑法,無上正真道意,正真道意,無上尊度,空無相無願,三惡趣,六波羅蜜中調伏眾生,四部眾,覺華如來,有為性,無為性,權法數,字法,吾我,十二因緣,地水火風空,癡,行,識,名色,六入,栽,覺,愛,受,有,生,死,六衰,如,常,無常,我所,苦,無我,寂,寂靜,不著不斷,法性,真際,善惡之法,有漏無漏,意識法,四等心,學意三昧,四空定,師子遊步三昧,師子奮迅三昧,首楞嚴三昧,海寶三昧,月幢三昧,諸法普至三昧,觀印三昧,真法性三昧,作無垢幢三昧,金剛三昧,諸法所入門三昧,三昧王三昧,王印三昧,力淨三昧,諸法所入真辯才三昧,諸法言所入照十方三昧,諸法陀隣尼門印三昧,不妄諸法三昧,諸法都聚印三昧,虛空所止三昧,淨三昧,處三昧,不起神通三昧,作上幢三昧,法施,空寂,聲聞、辟支佛地,菩薩頂諍,法愛,無常、苦、空、非我,無為證,菩薩順道,內空,外空,空空,大空,最第一空,有為空,無為空,無邊際空,作空,性空,自空,諸法空,無空,有空,無有空,意性廣大而清淨,塵勞,六十二見,無意意,般若波羅蜜本無品,佛志,法志,僧志,戒志,施志,天志,安般志,死志,無漏,如夢,如響,如光,如影,如幻,如炎,如化,彼岸,不中道般泥洹,先尼,解信要,空性之慧",,
放光經,T 221 (3),"放光般若經,三藏,摩訶般若波羅蜜,空行品,須菩提,菩薩摩訶薩,般若波羅蜜,漚惒拘舍羅,五陰,行相,無常,苦,我所,寂靜,三十七品,佛十八法,舍利弗,色,生老病死苦,眼耳鼻舌身意,六情,十八性,聲聞,辟支佛,地證,阿耨多羅三耶三菩,痛,想,行,識,空,無相,無願,六波羅蜜,三昧,無所生,首楞嚴,寶印三昧,師子遊步三昧,月三昧,作月幢三昧,諸法印三昧,照頂三昧,真法性三昧,必造幢三昧,金剛三昧,諸法所入印三昧,三昧王所入三昧,王印三昧,力進三昧,寶器三昧,必入辯才三昧,過去佛,授決,貢高,空寂行者,吾我,眾生,十二衰,本淨,十二因緣,苦習盡道,欲性,形性,無形性,須陀洹,斯陀含,阿那含,阿羅漢,薩云若,癡,愛,兩際,名色,六入,欲界,形界,無形界,阿惟越致,婬怒癡,諸見,幻人,布施,持戒,精進,忍辱,一心,智慧,夢,響,影,熱時炎,化,新發大乘意菩薩,善知識,檀波羅蜜,戒,羼提波羅蜜,惟逮波羅蜜,禪波羅蜜,惡知識,魔,魔波旬,和上,泥犁,薜荔,比丘,句義,法性,真際,怛薩阿竭,阿羅訶,三耶三佛,有為,無為,不生不滅,人,壽命,解脫,解脫慧,忉利,阿迦膩吒天,一相,善法,惡法,記法,未記法,俗法,道法,有漏法,無漏法,四禪,四等,四無形禪,十善,孝順父母,沙門,腐敗想,青瘀想,血想,食不消想,亂想,骨想,半燋想,佛想,法想,比丘僧想,戒想,施想,天想,精勤想,安般想,身想,死想,殺,盜,婬,惡口,妄言,綺語,嫉妬,邪見,四大,三解脫門,三根,三三昧,解脫攝意,八解脫門,九次第禪,十八空,佛十力,四無所畏,染,泥洹,無餘泥洹,善本,妙意,護念,法樂,虛空際,五眼,妄見,吾我見,有人見,眾生見,斷見,常見,有見無見,五陰見,十八性見,十二衰見,有諦見,十二因緣見,三十七品見,佛十八法見,育養眾生見,淨佛土見,道見,佛見,轉法輪見,凡人,增減,有無,邠耨文陀尼子,功德,大乘,僧那僧涅,尸波羅蜜,謙苦行,大誓願,慈悲喜護,諸漏,發趣大乘,摩訶衍,八禪,非我,神通,佛國,供養,禮拜,佛剎,二地,一切智,龍,閱叉,阿須倫,恒邊沙,佛身,三千大千剎土,遮迦越王,彼此岸",,
放光經,T 221 (4),"放光般若經,三藏,摩訶般若波羅蜜,摩訶衍,佛,菩薩摩訶薩,大誓,六波羅蜜,檀,尸,羼,惟逮,禪,般若波羅蜜,布施,薩云若,阿耨多羅三耶三菩,持戒,十善,不[打-丁+此]戒,忍地,忍辱,五波羅蜜,漚惒拘舍羅,諸法,法之性,內空,外空,有無空,內法,眼耳鼻舌身意,垢,外法,色聲香味細滑法,內外空,六衰,十八性,空空,大空,泥洹,最空,有為空,三界,無為空,不生不滅,至竟空,不可得原空,無作空,性空,羅漢,辟支佛,五陰,有為法,無為法,自相空,無所得空,無空,有空,五陰性,法性,法寂如,真際,三昧,首楞嚴三昧,寶印三昧,師子遊戲三昧,月三昧,月幢三昧,在諸法上三昧,照頂三昧,法性畢三昧,必造幢三昧,金剛三昧,法所入印三昧,安住三昧,放光明三昧,勢進三昧,等步三昧,入辯才教授三昧,過量音聲三昧,照處處三昧,總持印三昧,不忘三昧,一切法所聚海三昧,虛空普三昧,金剛部三昧,寶勝三昧,熾炎三昧,無願三昧,審住三昧,選擇三昧,無垢燈三昧,無限光三昧,作光明三昧,普照明三昧,淨要三昧,無垢光三昧,造樂三昧,電明三昧,無盡三昧,上威三昧,畢盡三昧,不動三昧,不別三昧,日燈三昧,月無垢三昧,淨光明三昧,四無礙慧,作明三昧,造作三昧,諸慧三昧,住意三昧,現明三昧,安立三昧,寶積三昧,法印三昧,等三昧,棄樂三昧,過法定三昧,散結三昧,解諸法句三昧,等文字三昧,畢字三昧,斷因緣三昧,無態三昧,無行三昧,無窟行三昧,畢陰三昧,主行三昧,不起三昧,度境界三昧,聚諸善三昧,止選三昧,清淨華三昧,主覺三昧,無限辯三昧,無等等三昧,度諸法三昧,決斷三昧,散諸狐疑三昧,無住三昧,一行三昧,眾生所入三昧,一事三昧,厭該眾事三昧,散諸生死勞怨三昧,眾行音所入三昧,脫諸音響字三昧,然炬三昧,淨相三昧,無准三昧,具足眾事三昧,不願苦樂三昧,事不減三昧,持迹三昧,邪正聚三昧,滅恚諍三昧,無恚三昧,主要三昧,明月滿無垢炎三昧,大莊飾三昧,與世間作光明三昧,三昧等,無忿三昧,無倚無窟無樂三昧,最如三昧,身骸三昧,斷口行與空合三昧,虛空本脫無色三昧,陀隣尼,四意止,苦惱,地水火風,不淨,癡愛痛苦,惡意法,精進,善事法,四神足,樂定,精進定,持意定,智之定,五根,信根,精進根,志根,定根,智慧根,五力,信力,精進力,志力,定力,智慧力,七覺意,志覺意,法覺意,精進覺意,悅喜覺意,信覺意,定覺意,適無以著覺意,賢聖八品道,正見,正念,正言,正行,正業,正習,正志,正定,苦慧,習慧,盡慧,道慧,消慧,無所起慧,法慧,明慧,各各知他人所念慧,真慧,貪婬瞋恚愚癡,無常,三根,白衣,須陀洹,斯陀含,阿那含,第一有覺有觀,第二無覺有觀,第三無覺無觀,第一禪,二禪,無思想無思想慧禪,十念,佛念,法念,僧念,戒念,施念,天念,滅念,安般念,身苦念,死亡念,四禪,四等,四無形禪,八惟無禪,九次第禪,佛十種力,四無所畏,沙門,婆羅門,魔,天,梵,梵輪,漏,師子吼,陀隣尼目佉,字門,阿,羅,波,遮,那,陀,茶,沙,和,多,夜,吒,加,娑,摩,伽,他,闍,濕波,大,赦,佉,叉,侈,若,伊陀,繁,車,叵,蹉,峨,咃,破,歌,嵯,嗟,嗏,功德,四諦,十二緣起,善知識,天耳徹聽,自識宿命,能消諸漏,三乘,摩訶僧那僧涅,三拔致,地,淨於三垢,慈,法施,佛國土,善本,慚愧,宴坐,少欲,知足,沙門十二法行,慾污穢,懈慢,家業,比丘尼,嫉妬,忿諍,鬪訟,吾我,眾生,壽,命,斷,常,念想,種想,佛見,法見,僧見,道,覺空無相,不願慧,淨身口意,慈哀,神通,幻三昧,天龍閱叉犍陀羅,胞胎成就,居家成就,父母成就,種姓成就,宗親成就,得生成就,出家成就,莊嚴佛樹成就,諸善功德成就,如來,大悲,阿僧祇劫,深法忍,二識,袈裟,十惡,怡戾,顛倒,平等道,悔,本際,知見,虛空,佛眼,六根,遮迦越羅地,三乘之願,七寶,剎利,婆羅門,習緒盡,三十七品,滅淨地,種性地,八地,見地,薄地,滅婬怒癡地,已作地,辟支佛地,菩薩地,佛地,十住之地,不可思議性,安隱之性,滅盡,滅盡之體,色空,痛想行識空,十二因緣空,夢幻炎響光影,如來之所作化,等正覺,須陀洹果,斯陀含果,阿那含果,阿羅漢果,辟支佛果,佛果,名相,過去當來今現在,五眼",,
放光經,T 221 (5),"般若經, 三藏, 摩訶般若波羅蜜, 須菩提, 佛, 世尊, 摩訶衍, 天, 阿須倫, 空, 菩薩摩訶薩, 六波羅蜜, 陀羅尼門, 三昧門, 首楞嚴三昧, 虛空際解脫無所著三昧, 內外空, 無有空, 三十七品, 佛十八法, 欲界, 色界, 無色界, 龍, 鬼神, 痛想行識, 眼耳鼻舌身意, 色聲香味細滑法, 十二因緣, 法性, 如, 真際, 不可思議, 劫, 八輩地法, 須陀洹法, 斯陀含法, 阿那含法, 阿羅漢法, 辟支佛法, 阿惟三佛法, 佛法, 種性, 初發意, 佛坐, 金剛慧, 諸習緒, 薩云若, 如來, 無所著, 等正覺, 三十二大士之相, 恒邊沙國土, 法輪, 沙門, 婆羅門, 諸魔, 諸梵, 無餘泥洹界, 般泥洹, 泥洹, 泥洹性, 三界, 十住意, 須陀洹道, 斯陀含道, 阿那含道, 阿羅漢道, 辟支佛地, 阿惟三佛地, 弟子地, 形色, 有常無常, 苦樂, 我非我, 非空亦不非空, 相, 願, 寂, 滅淨, 行, 阿僧祇, 無量, 無限, 吾我緒, 知見緒, 五陰, 六情, 十二衰, 十八性, 善法, 漏法, 有為法, 無為法, 苦習盡道法, 律, 五趣, 三垢, 五應滅, 上五所得, 無所從生法忍, 無上正真道意, 邠耨文陀尼子, 三乘, 聲聞, 四意止, 四意斷, 四神足, 五根, 五力, 七覺意, 賢聖八品道, 三脫門, 四無礙慧, 大慈大悲, 十種力, 四無所畏, 檀波羅蜜, 禪波羅蜜, 無相, 無願, 無生, 不二, 三礙意, 阿耨多羅三耶三菩, 三千大千剎土, 六反震動, 那術億",,
放光經,T 221 (6),"阿那含,阿難,阿耨多羅三耶三菩,阿耨多羅三耶三菩意,阿僧祇,阿須倫,阿惟越致,阿羅漢,愛習,八十種好,八輩事,八惟無禪,般若波羅蜜,般泥洹,辟支佛,辟支佛乘,比丘,比丘尼,比丘僧,波羅尼蜜天,菩薩,菩薩初地,菩薩心,剎利長者種,長夜,禪波羅蜜,癡,瞋恚,初發意,幢幡,麤言,大慈大悲,大迦葉,大目揵連,大乘,檀波羅蜜,道法御,道撿,道等,第十地,兜術天,等正覺,提和竭佛,陀隣尼門,惡口,惡智,緣起,梵天,法眼,法輪,非人,非身,佛,佛十八法,佛十種力,佛事,佛眼,佛威神,覆面舌相,貢高,功德,幻師,恒邊沙劫,行,慧眼,嫉妒,寂淨,具足見諦阿羅漢,具足善本,根,羼波羅蜜,拘翼,苦,空,亂意,樂想,力,六情,六性,六波羅蜜,魔,魔天子,摩訶迦旃延,摩訶拘絺羅,摩訶薩,摩訶般若波羅蜜,妄語,文陀尼子,無常,無垢見,無明,無所著,無所生,無所滅,無所倚,無上士,無相,無有見,無願,無餘泥洹,五陰,五通,五眼,吾我,吾我貢高,菩薩初地,婆羅門大姓種,內外空,人見,肉眼,如來,薩云若,薩云若慧,三寶,三藏,三十二大士之相,三千大千剎土,三毒,三昧,三昧門,三乘,三三昧,色,舍利弗,聲聞,聲聞乘,生死界,神通,尸波羅蜜,識,施為將導,首陀會天,須陀洹,須炎天子,四等心,四空定,四無礙慧,四無所畏,四神足,四天王,四禪,四輩弟子,斯陀含,貪,痛,天眼,天人師,天子,提惒竭佛,十住道地,十善,十二因緣,三十七品,惟逮波羅蜜,惟于頗羅天,無黠,香華,邪見,炎天,閱叉,優婆夷,優婆塞,有無空,雨法雨,正見,眾生,眾生見,眾邪見,著,智慧",,
放光經,T 221 (7),"摩訶,般若波羅蜜,佛,釋提桓因,六波羅蜜,婬怒癡,邪見,薩云若,五陰,阿耨多羅三耶三佛,如來,無所著,等正覺,阿惟三佛,三千大千國土,阿僧祇,四天王,阿迦膩吒諸天,道場,佛道,眾生,三乘,度脫,世尊,般泥洹,舍利,供養,相好,薩云若慧,塔,內外空,有無空,三十七品,佛十八法,三昧門,陀隣尼門,教化眾生,淨佛國土,菩薩摩訶薩,大慈大悲,剎利種,婆羅門種,須陀洹,羅漢,辟支佛,佛三耶三佛,閻浮提,法,比丘僧,三尊,三脫門,八惟無,九次第禪,六通,四等,四空定,四無礙慧,三疑,斯陀含,三垢,阿那含,五疑,佛眼,十方,阿惟越致地,漚惒拘舍羅,所有空,無所有空,佛法,菩薩道,聲聞,七寶,四天下,小千國土,中千國土,剎土,劫,泥洹,善法,五戒,十善,四禪,四諦,佛十種力,四無所畏,彼岸,五波羅蜜,如來五眼,佛乘,無上佛慧,轉法輪,仁者,惡法,功德,天眾,阿須倫,忉利天,無餘泥洹,總持,法性,真際,如,取證,度世之德,威神,三惡趣,諸根,三十二大士之相,神通,異道士,舍利弗,沙門,龍神,鬼神,魔波旬,四輩弟子,欲天子,色天子,受菩薩記,釋種,魔天,善本,善知識,賢者,阿難,檀波羅蜜,戒,忍,精進,一心,智慧,空,梵志,解脫性,見解脫慧性,諸天,無漏,有漏,俗,道,遮迦越羅,閱叉,揵沓惒,迦樓羅,真陀羅,摩睺勒,法施,宿命,光明,八十種好,佛樹,比丘,衣鉢,全身舍利,無礙,一相,無相,無為法,有為法,凡夫法,不可思議,無行,無得,十二部經,三事教,泥洹之法,摩尼寶,無生無滅,第六天上,苦,金剛三昧,賢聖智,三界,大度,六情,六衰,緣起,芥子,俗數,最要",,
放光經,T 221 (8),"三藏,摩訶般若波羅蜜,佛,釋提桓因,閻浮提,十善,拘翼,世尊,般若波羅蜜,無漏之法,羅漢,辟支佛,菩薩道,阿惟三佛,三十七品,空,三脫門,四諦,內外空,有無空,佛十種力,須陀洹道,三惡趣,須陀洹,斯陀含,阿那含,阿羅漢,阿耨多羅三耶三菩意,佛種,四天王,無思想無思想慧天,薩云若,三耶三佛,四天下,小千天下,中千天下,三千大千國土,恒邊沙國土,四禪,四等,四空定,五神通,十方,不二,五波羅蜜,方便,無相,不生不滅,真際,如來,阿僧祇劫,檀波羅蜜,菩薩,布施,尸波羅蜜,羼波羅蜜,惟逮波羅蜜,禪波羅蜜,六波羅蜜,菩薩摩訶薩,阿耨多羅三耶三菩,色,五陰,十二衰,十八性,無常,苦,十八法,菩薩地,十住,無所從生法忍,佛國,法,初發意菩薩,阿惟越致,阿惟越致地,四無所畏,四無礙慧,須菩提,法施,弟子眾,聲聞,辟支佛乘,彌勒菩薩摩訶薩,持戒,自調,自淨,自度,佛剎土,般泥洹佛,法滅盡,緣覺,無漏之戒,淨戒,三昧,智慧,解脫,見解脫慧,大慈大悲,無上,顛倒想,無我,虛空,六情,善知識,身空,空相法,長老,佛法,魔事,菩薩宗,無所著,等正覺,首陀會諸天,諸天,阿須倫,真陀羅,摩睺勒,凡夫,寂,泥洹,漚惒拘舍羅,有餘泥洹,無餘泥洹,戒品,三昧品,智慧品,解脫品,解脫見慧品,薩云若慧,無所亡法,常等行,迦留羅,三界,欲界,色界,無色界,不思議性,法性,正真,恒邊沙劫,叉手禮佛足,不二入,忉利諸天,梵迦夷天,阿迦膩吒天,賢聖,脫,無縛無脫之法,清淨,舍利",,
放光經,T 221 (9),"般若經,三藏,摩訶般若波羅蜜,舍利弗,佛,世尊,般若波羅蜜,三界,三十七品,眾生,邪徑,正導,薩云若,菩薩,佛法,生死,空,珍寶施,三轉十二事,轉法輪,諸佛,辟支佛,阿羅漢,須陀洹,十善,四禪,四等,四空定,五通,內外空,有無空,佛十種力,十八法,釋提桓因,尊者,拘翼,菩薩摩訶薩,漚惒拘舍羅,善本,法欲盡,五波羅蜜,至道,度,五陰,善法,惡法,道法,俗法,有漏無漏法,有為無為法,須菩提,色,痛想行識,六情,色聲香味細滑法,十八性,十二因緣,阿耨多羅三耶三菩,六波羅蜜,阿惟三佛,泥犁,如來,無所著,等正覺,阿僧祇劫,二入,佛國,聲聞,淨佛國土,善男子,善女人,菩薩道,身口意,劫,畜生,薜荔,弟子,邊地,五無間罪,律,謗法,壞法,眾僧,沙門,正見,魔,惡知識,瞋恚,性,縛,解,吾我,婬怒癡,癡,行,識,名色,六入,栽,覺,愛,受,有,生,死,泥洹,有常無常,苦樂,我無我,眼耳鼻舌身意,須陀洹道,斯陀含道,阿那含道,阿羅漢道,辟支佛道,三耶三佛道,四無所畏,僧那僧涅,三千大千剎土,十方,恒邊沙,比丘,戒,三昧,智慧,解脫,見解脫慧,三寶,人非人,幻,化,法性,真際,威神,四天王,首陀會天,梵天王,釋迦牟尼佛,彌勒菩薩摩訶薩,賢劫,布施,功德,無礙慧,檀波羅蜜,法性寂,諸天,法師,六齋,三惡趣,人天道,三十三天,剎利,梵志,長者,漏不漏,欲界,形界,無形界,凡人,法身,憂鉢羅華,拘勿投華,分陀利華,閻浮提,無所從生法忍,無相,無願,尊祐,福田",,
放光經,T 221 (10),"放光般若經,三藏,般若波羅蜜,諸法,空,五陰,生死,戲,貢高,法性,婬,恚,癡,垢,狐疑,眾生,兩際,聲聞,辟支佛,內空,外空,內外空,空空,大空,至竟空,有為空,常空,無有際空,所作事空,性空,諸法空,自相空,有無空空,四意止,身痛意法,四意斷,神通,四神足,五根,五力,七覺意,八字,無願,無相,脫,八惟無,定,九次第禪,檀,戒,羼,忍,惟逮,精進,禪,慧,十力,通事慧,一切慧無礙,佛法,如來,阿惟三佛,真知識,釋提桓因,功德,善男子,善女人,菩薩,阿惟越致,六波羅蜜,薩云若,拘翼,道慧,習緒,法輪,須陀洹,斯陀含,阿那含,阿羅漢,三耶三菩佛道,比丘僧,眼耳鼻舌身意,色聲香味細滑法,十二衰,佛十八法,菩薩摩訶薩,受記莂,阿耨多羅三耶三菩,四事,施與,仁愛,利人,同義,十善,四禪,四空定,陀隣尼門,辯才,身相,童真地,淨潔行地,不可思議,四無礙慧,四等,五神通,三十七品,天魔波旬,比丘,比丘尼,優婆塞,優婆夷,三乘,菩薩乘,漚惒拘舍羅",,
放光經,T 221 (11),"三藏,摩訶般若波羅蜜,般若波羅蜜,佛,法師,魔事,供養,守戒,精進,禪定,阿練,十二法,法,律,施與,六波羅蜜,六度,漚惒拘舍羅,陀隣尼,五陰,蓋,五蔽,三惡趣,阿耨多羅三耶三菩,欲天,色天,無色天,四王天,無有思想無有思想慧天,三界,無常,苦,空,無我,羅漢,辟支佛,菩薩,魔波旬,沙門,比丘,受記莂,真際,須陀洹,世尊,內空,外空,有無空,三十七品,三脫門,如來,薩云若,比丘眾,摩訶薩,功德,善本,真知識,無所著,等正覺,十力,佛十八法,阿惟越致菩薩,佛眼,五波羅蜜,須陀含,阿那含,阿羅漢,三耶三佛道,阿耨多羅三耶三菩阿惟三佛,佛十力,六情,欲界,形界,無形界,婬怒癡,五眼,五陰窟,如,十八空,八惟無禪,九次第禪,四無礙慧,四等心,四無所畏,大慈大悲,薩云若慧,善法,惡法,道法,俗法,有漏,無漏,有為,無為,三千大千剎土,龍,鬼神,無礙之慧,色,覺,想,行,識,檀波羅蜜,尸波羅蜜,羼波羅蜜,惟逮波羅蜜,禪波羅蜜,四禪,四空定,苦相,無願脫門,寂相,淨相,無相,無作法,無諍法,佛地,五通,二地,羅漢、辟支佛道地,菩薩道,淨佛國土,聲聞,三乘,阿惟三佛,兜術天上,六通,彼岸,此岸,吾我,佛事,自然",,
放光經,T 221 (12),"HTTP error occurred: 500 Server Error: Internal Server Error for url: https://generativelanguage.googleapis.com/v1beta/models/gemini-2.5-flash:generateContent?key=AIzaSyAtsMSj9zZu2zmMWvGRvIyQcx1O58WL-ss - Response: {
  ""error"": {
    ""code"": 500,
    ""message"": ""An internal error has occurred. Please retry or report in https://developers.generativeai.google/guide/troubleshooting"",
    ""status"": ""INTERNAL""
  }
}
",,
放光經,T 221 (13),"三藏,摩訶般若波羅蜜,須菩提,佛,世尊,菩薩,摩訶薩,般若波羅蜜,空三昧,無相三昧,無願三昧,三十七品,五陰,欲界,色界,無色界,法,證,空法,空,漏盡,波羅蜜,十種力,四等,大慈大悲,薩云若,須陀洹,羅漢,辟支佛,道,三三昧,根,力,覺意法,聲聞,六度,地,四無所畏,十八法,漚惒拘舍羅,功德,阿耨多羅三耶三菩,阿惟三佛,真際,如,法性,本空,自空,三脫,眾生,度脫,三脫門,內空,外空,有無空,我想,人想,壽命想,見知想,說法,四禪,四空定,四無礙慧,善法,四顛倒,常想,淨想,樂想,無常,不淨,無樂,無我,佛三昧,倚著,六衰,三界,斯陀含,阿那含,滅,無所作,無所生,無所有,記莂,阿惟越致,阿惟越致地,佛道,慧地,如夢,如響,如幻,如熱時焰,如化,四輩,聞法,如來,三十二相,八十種好,變化神通,比丘僧,佛土,佛事,精進,泥犁,薜荔,禽獸,三惡趣,發願,魔,大智,三惡之業,波旬,劫,三乘,僧那,檀波羅蜜,法輪,佛種,甘露法門,無為法,生死,邊地,栴陀羅,十惡,長壽天,禪計,清淨,凡夫,遮迦越羅,嫉意,犯戒,恚意,亂意,懈怠意,愚癡意,三毒,疑意,無生法,六十二見,三千大千剎土,閻浮提,福德,天,阿須倫,三乘慧",,
放光經,T 221 (14),"放光般若經,三藏,摩訶般若波羅蜜,須菩提,世尊,菩薩摩訶薩,般若波羅蜜,空三昧,無相三昧,無願三昧,三十七品,五陰,欲界,色界,無色界,法,證,空法,漏盡之證,五波羅蜜,三三昧,十種力,四等,大慈大悲,薩云若,須陀洹,羅漢,辟支佛,根,力,覺意法,聲聞證,四等意慈悲喜護,六度,漏盡,薩云若之大徑路,羅漢、辟支佛地,佛十種力,四無所畏,十八法,薩云然慧,漚惒拘舍羅,功德,阿耨多羅三耶三菩,阿惟三佛,真際,如,法性,本空,自空,三脫,三脫門,我想,人想,壽命想,見知想,四禪,四空定,四無礙慧,顛倒,常想,淨想,樂想,無常,不淨,無樂,無我,佛三昧,六衰,受記莂,阿惟越致,阿惟越致菩薩,阿惟越致地,三界,佛土,比丘僧,變化神通,泥犁,薜荔,禽獸,三惡趣,等正覺,魔波旬,貢高,二地,魔羅網,沙門十二法,比丘,四事禁,五逆,真知識,諸佛世尊,弟子眾,檀波羅蜜,道,大明,大炬,大智光明,護,歸,習緒,佛種,甘露法門,無為法,凡夫,無所從生法忍,摩訶衍慧,釋提桓因,拘翼,五通,阿須倫,道場,四天王,鉢,須焰天子,兜率天子,尼摩羅天,波羅尼蜜天,首陀會諸天,魔,三千大千國土,狐疑,懈怠,邪見,勞垢,顛倒行,貪著,惡趣,聲聞道家,怨恚,僧那,三乘,五陰自空,道道亦自空,如亦不盡,諸學表,尊業,如來,法輪轉,生死之根,邊地,栴陀羅,長壽天,嫉意,犯戒意,恚意,亂意,懈怠意,愚癡意,三毒意,疑意,五陰意,道意,總持諸波羅蜜,六十二見,摩尼寶,法性常住,佛境界,佛師子音響,大蠡音,三乘慧",,
放光經,T 221 (15),"般若經,三藏,摩訶般若波羅蜜,菩薩,六波羅蜜,佛十八法,眾生,阿耨多羅三耶三菩,薩云然,世尊,法願,無漏法願,羅漢,辟支佛,大乘,羅漢、辟支佛地,羅漢、辟支佛乘,三界,泥洹,初發意菩薩,阿惟越致菩薩,一生補處菩薩,三千大千剎土,阿僧祇,佛剎,魔,佛國,十住阿惟顏菩薩,阿惟三佛,幻,法,有為,無為,常寂,道,般若波羅蜜,逮覺,般若,苦行,中道取證,無所得行,虛空,無分別,二道,如來,無所著,等正覺,五陰,六入,四禪,四等,四空定,三十七品,三脫門,佛十種力,四無所畏,四無礙慧,無念,五趣,須陀洹,斯陀含,阿那含,法性,真際,菩薩摩訶薩,五波羅蜜,薩云若,恒邊沙,魔波旬,觀諸法皆空,不捨眾生,佛道,空、無相、無願,比丘僧眾,妙樂佛國,梵行,正士,受記莂,菩薩地,無所從生,淨,陀羅尼,總持,轉法輪,般泥洹,阿須倫,揵沓和,甄陀羅,摩睺勒,神足變化,阿閦如來,諸漏已盡,得自在,意已得脫,已出解慧,悉捨重擔,眾事已辦,大龍,所應已逮,習緒已訖,得等解脫,已度諸願,空不可捉,不可思議,無所入,辯,俞旬,羅漢行,彈指頃,增益功德,四輩弟子,甘露地,十惡,邪見,十善,三乘意,法御,師子奮迅三昧,滿法闍三昧,內空,外空,內外空,空空,大空,第一最空,有為空,無為空,至竟無底空,行性空,十四空,貪嫉,分別若干念,順忍,生死,十二緣起,癡際,漚惒拘舍羅,色如聚沫,痛如泡,想如野馬,所作行如芭蕉,識如幻,五陰作無堅固不要想,解脫禪,八惟無禪,九次第禪,廣長舌相,善知識,法施,財施,持戒,忍辱,禪定,智慧,六度之法,淨佛國土",,
放光經,T 221 (16),"般若經,三藏,摩訶般若波羅蜜,漚惒,須菩提,佛,世尊,菩薩摩訶薩,發意,漚惒拘舍羅,阿僧祇劫,恒邊沙佛,功德,六波羅蜜,施,戒,忍,進,禪,智,五波羅蜜,轉輪聖王,魔,魔天,薩云若,檀波羅蜜,尸波羅蜜,羼波羅蜜,惟逮波羅蜜,禪波羅蜜,自空,諸法空,阿耨多羅三耶三菩,三界,四顛倒,惡戒,十惡事,二地,智慧,須彌山,閻浮提,玉女寶,總持,五陰,三十七品,道,欲界,形界,無形界,五陰空,般若波羅蜜無所入,記莂,大慈,如來,真際,法,法性,聲聞,辟支佛道,法性等,慈,佛土,道場,轉法輪,無所住,獨步於三界,自在,現在諸佛,過去當來今現在諸佛,五陰如,薩云若如,色性,有為性,無為性,十住,利根,鈍根,懈怠,精進,阿惟越致,魔事起,彈指頃,須陀洹,羅漢,辟支佛,聲聞,檀教,阿惟越致菩薩,真知識,十八空,四無礙慧,六通,童男清淨之行,諸願,諸佛之剎,辯才,諸根具足,記莂成就,八難處,無字義,泥洹,法相,有為無為之性,有無,如,淨法,有緣無緣,六衰,十八性,四諦,十二緣起,四禪,四無形禪,薩云然,身無身,道空,婬怒癡,正見,不正見,邪見,諸見,名色,苦,習,盡,泥犁,薜荔,畜生,三惡趣,人趣,天趣,力,具足力,卒知,微知,厭知,大智,無涯底智,三世之慧,權,空觀,一意念,意法,如如,眾生性,壽性,命性,吾我,不可得,三乘之法,五趣生死,斯陀含,阿那含,三耶三佛,眾生名處,無處所,無所生,無所滅,觀法如自觀無所有相,六情空,內外空,有無空,禪空,滅脫禪空,三十七品空,道空,相法空,不成之行,戲,無所倚法,二者為倚,一者為不倚,眼色為二,六入念法為二,道與佛為二,倚與無倚,具足諸地,菩薩位,淨佛土,化眾生,作佛事,脫眾生生死,無作者,無成者,三乘之處,凡愚癡之士,五眼,三際,阿惟三佛,有身想,世俗,第一義,四顛倒,逮正覺,有為性,無為性,化作如來,四等,三脫門,八解脫,九次第禪,十力,四無所畏,佛十八法,般泥洹,化佛,授莂,福田,慈意念佛,畢苦,南無佛,諸法皆等,色,痛,想,行,識,內法,外法,善,惡,漏,非漏,道,俗,生,死,有為法,無為法,無名號之法,行亦無名無相無入,空,無相,無願,三三昧,發道意,道慧事,諸聲聞辟支佛事,不住眾道事,真際覺,真際證,道滅盡諸漏,寂靜者,三句緒際,緒盡有餘者,諸習緒盡,聲聞習緒,凡夫身,因無為而有名,愛斷者,後際,諸法相空,諸法行空,超越諸法之塵,堅要,一相則無相,魔怨,異學,聲聞辟支佛家,無常義,苦非我義,知苦習義,知盡道義,知消滅義,知不起義,知法義,見一遍知義,自知義,知他人意義,行如所言,邪見,六十二見,無義,有益無益,佛無佛,湛然,虛空如,不有為般若波羅蜜,二應,一法,逮無所得,空中種樹,想為眾生,三惡趣,四性尊者,諸四天,無思想無思想慧天,須陀洹果,斯陀含果,阿那含果,阿羅漢果,辟支佛道,益眾生果,來往故,貧窮下賤處,諸佛之道,賢聖,有為無為性,諸如得自在,諸法根,隨行之趣,慧願,淨三世慧,菩薩道,饒益眾生,無餘泥洹,作禮,初發意菩薩,善男子,善女人,三千大千剎土,黠地,信地,八地,見地,薄地,淨地,已辦地,辟支佛地,正定菩薩,成就菩薩,無有想亦無無想,十八法,大慈大悲,薩云若慧,佛眼,道意,法法相離,世事習故,菩薩行,道行,空於內外法,六波羅蜜行,內外空及有無空作四禪行,四無形禪行,四等行,三十七品行,三三昧行,佛十力行,四無所畏行,四無礙行,十八法行,淨佛國土行,教化眾生行,入於文字行,不入文字行,陀鄰尼行,有為無為性行,不令道有二,菩薩摩訶薩空行,道覺,審諦法,法覺,超越審諦法,真覺諸法,空法覺,如覺,無有變易,諸佛如來之道,諸佛世尊皆共覺,生滅,著斷,無所成亦無所敗,無所增亦無所減,無所墮亦無所觀,自於相行空,四空定,菩薩十住,二事行者,凡愚人,諸菩薩,諸真人,讚歎佛者,漚惒拘舍羅事,薩云若意行檀波羅蜜,施於三乘,亦施人及非人,無施想,亦無受者想,亦無行檀波羅蜜想,諸想法者,轉還者,度諸法之相,不見諸法有所作,增益諸功德,不受其報,益於眾生",,
放光經,T 221 (17),"放光般若經,摩訶般若波羅蜜,教化眾生,須菩提,菩薩,摩訶薩,薩云若,初發意,尸波羅蜜,婬怒癡,入道,惡戒,恚意,愚癡,吾我,二地,諸法,相空,無所有,無所成,無為,漚惒拘舍羅,功德,淨佛國土,般若波羅蜜,禪,四禪,四等,四無形禪,禪福,觀行淨,須陀洹,須陀洹果,阿羅漢,三十七品,無所從生法忍,八惟無,九次第禪,佛十力,四無所畏,四無礙慧,佛十八法,大慈大悲,世尊,五陰,六波羅蜜,三脫門,四句,戲言,常無常,苦樂,我所非我所,淨不淨,分別知,四諦,辟支佛道,菩薩十住,諸習緒,無相,上菩薩位,二道,佛道,第八賢聖,果證,金剛三昧,八地,淨地,性地,四賢聖八地,觀地,薄地,無垢地,已辦地,辟支佛地,道慧,習緒,斯陀含,阿那含,阿耨多羅三耶三菩,阿惟三佛,聲聞,三乘,相貌像,泥犁,泥犁之趣,罪報,薜荔,畜生,真陀羅,摩睺勒,諸龍,閱叉,人道,天,四天王,三十三天,四空定,賢聖法律,世俗因緣,第一最義,如來,無所著,等正覺,狐疑,戒行,欲界,色界,無色界,不黠,頑佷,凶暴,有為無為性,一相無相,無相度,色聲香味細滑識法相,地水火風空識相,三脫門相,四諦相,賢聖相,逆順十二因緣相,有為無為性相,轉法輪,三福地,施,戒,念諸善法,六情,不不淨,三尊,三福,滅盡,安般守意,無常相,苦相,非我相,四顛倒,十二因緣,壽命,知見相,十慧,內外空,有無空,想,貪,縛著,有,無有,二者為有,十二衰相,世間眾生,生老病死憂悲勤苦,順忍,愛,受,憂悲勤苦,菩薩之果報,六通,天眼徹視,天耳徹聽,意知他人宿命所從來,自識宿命,飛行,貢高,一合相智,檀波羅蜜,布施,貪垢,持戒,三昧,忍辱,精進,智慧品,解脫品,見解脫慧品,五品之德,道場,神足,轉輪聖王,薩云若慧,羼波羅蜜,惟逮波羅蜜,剎土,般泥洹,口不言惡,身不行惡,意不念惡,有我無我,五趣,魔怨眾生,七寶,十善,支解身體,禪波羅蜜,無願三昧,電光三昧,直治三昧,諸陀隣尼門,十住地,中道取證,德本,四域,女人胞胎,幻法,無所得法,世俗數,福田,比丘僧,三惡處,法性,魔,魔天,一意受持,八十種好,漏意,無漏,受者,無相受念,財穀,國城珍寶,第六天王,賢聖無漏道法之戒,四性,遮迦越王,天眼,天耳,饒益,識宿命之慧,漏盡之慧,二忍,聖賢無漏之法,善本法,普遍光明,三倒,十二法輪,六反震動,音聲,真禪三昧,佛三昧,三昧相,空法,倚著,名字,如如教,法性教,真際教,善惡,有漏無漏,道法俗法,有為無為,幻,響,夢,影,熱時焰,化,顛倒,貪相,成就相,生相,三界,解脫禪,第一地",,
放光經,T 221 (18),"三藏,般若波羅蜜,二空,須菩提,世尊,法,空,道,俗,無為,有為,有漏,無漏,須陀洹,斯陀含,阿那含,阿羅漢,辟支佛,緣覺,阿耨多羅三耶三菩,三耶三佛,凡夫,三界,菩薩摩訶薩,畢竟空,眾生,五陰,十二衰,十八性,漚惒拘舍羅,貪嫉,布施,檀,持戒,尸,禪三昧,三昧,三摩提,梵天,四禪,四空定,泥洹,般泥洹,無餘泥洹,三十七品,三十七道品,三脫門,八解脫,八惟無,九次第禪,佛十力,十種力,四無所畏,四等,慈,悲,喜,護,佛十八法,十八法,三乘,菩薩道,善法,惡法,道法,俗法,漏法,無漏法,有為法,無為法,六波羅蜜,內外空,四無礙慧,六神通,五神通,忍辱,忍,羼,精進,一心,智慧,智,根,力,覺,薩云若,薩云若慧,如來,無所著等正覺,等正覺,真人,阿須倫,天眼,泥犁,神足,薜荔,無常,四天王,第六天,五樂,四事饒益,惠施,仁愛,利人,等義,法施,道施,三尊,五戒,十善,八齋,念佛,念法,念比丘僧,念天,念施,比丘僧,倒,諦,大悲大慈,八十種好,三十二大士之相,三十二相,陀隣尼門,總持,賢聖果報,賢聖法,習緒,無限之冥,四十二字,識,四顛倒,四諦,性空,衰空,十二因緣空,十二緣起,吾我空,吾我,知見空,知見事,四禪空,四等空,四空定亦空,三脫門空,八惟無空,九次第禪空,佛十八法空,十種力空,四無所畏空,四無礙慧空,二地空,菩薩空,佛剎土空,佛土,道空,化,真際,五道生死,生死,世諦,第一最要義,法常寂,生滅,著斷,本空,末空,道諦,三習緒斷,婬怒癡,欲界,無形界,形相,無形相,不二入,十八空,空無相無願,無相,無願,漏盡之法,聲聞法,辟支佛法,菩薩法,佛法,善本功德,色,痛,想,行,聚沫,泡,芭蕉,幻師,眼性,眼色空,眼識空,意識,內外法,苦諦,習盡空,法性,色身,如來弟子,十地,辯才,諸法如,顛倒事,須彌山,三十三天,聲聞,新發意菩薩,十住,一生補處菩薩,佛身相,世尊相好,眾生際,十惡行,甘露施,甘露果,懈怠,退轉,空無之法,不二之法,聲聞果,辟支佛果,初發意,身口意行,甘露教,正法,非法,增減,壞,狐疑,壽命,化佛,比丘,比丘尼,優婆塞,優婆夷,那述劫,人相,眾生相,有色,無色,道慧,佛業,迷,生老病死,憂悲勤苦,虛空,無量三昧,道果,阿惟三佛",,
放光經,T 221 (19),"般若, 波羅蜜, 三藏, 摩訶, 菩薩摩訶薩, 六波羅蜜, 三十七品, 佛十種力, 四無所畏, 四無礙慧, 佛十八法, 十八空, 菩薩道, 阿耨多羅三耶三菩, 漚惒拘舍羅, 檀波羅蜜, 五陰, 聲聞, 辟支佛, 佛法, 凡夫, 三乘, 佛道, 十二衰, 布施, 持戒, 忍辱, 精進, 一心, 智慧, 賢聖, 二諦, 五趣, 三界, 有為, 無為, 眾生相, 阿惟三佛, 佛土, 四禪, 四等, 四空定, 三脫門, 八惟無, 九次第禪, 薩云若, 道, 俗, 漏, 無漏, 十住, 法性, 三十二相, 八十種好, 金剛三昧, 十惡, 二地, 三尊, 四諦, 種性住, 滅盡定, 神通, 天眼, 天耳, 神足, 知他人意, 自知所從來生死之事, 宿命, 三惡趣, 泥洹, 陀隣尼門, 轉法輪, 泥犁, 薜荔, 畜生, 四天王, 長壽天, 須陀洹, 斯陀含, 阿那含, 阿羅漢, 四顛倒, 邊際, 有常, 既盡, 六十二見, 真知識, 畢竟, 佛乘, 二乘, 阿惟越致, 大慈大悲, 福田, 恒沙, 無相, 無願, 菩提, 世尊, 因緣, 苦, 習, 盡, 顛倒, 真際",,
放光經,T 221 (20),"阿耨多羅三耶三菩,阿耨多羅三耶三菩意,阿耨多羅三耶三菩願,阿惟三佛,阿惟越致,阿惟越致法,阿難,阿須倫,八不閑處,八惟無,八十種好,般若波羅蜜,比丘,比丘僧,比丘僧寶,布施,不動三昧,不可思議,不可思議淨戒,不可思議慧,不生,不生不滅,不有為界,不著不斷,剎土,禪,塵垢,大士,大目犍連,逮覺,顛倒,諦聽諦受,地水火風,佛,佛寶,佛法,佛會,佛境界,佛十八法,佛剎,佛智,分耨文陀尼子,福功德,福田,凡夫,方便,放光般若經,法寶,法空,法師,法座,法性,法上菩薩,梵清淨之行,發菩薩意,甘露地,功德,貢高,恒邊沙,化佛,化天人,華蓋,慧度,劫,劫波育,稽留礙,金剛,金剛三昧,金色身,經,經卷,經行,空,空無,空無相無願,羅漢,雷音如來,六波羅蜜,六神通,六十二見,六衰,彌勒菩薩,摩訶般若波羅蜜,摩訶迦旃延,摩訶拘絺羅,魔波旬,魔事,名色身,泥洹,內外空,無礙之慧,無罣礙慧,無人,無我,無上覺,無為法,無畏三昧,無相法,無所著等正覺,無所得三昧,無所起滅,無所受三昧,無所有三昧,無倚,無倚三昧,五陰,五陰無底,五陰無底三昧,五陰空法,五樂,菩薩,菩薩摩訶薩,菩薩位,菩薩事,辟支佛,如幻,如化,如如,如來,如來之像,薩陀波倫菩薩,三寶,三藏,三惡趣,三垢,三千大千國土,三脫門,三耶三佛,三十二相,三十三天,三十七品,三昧,三昧門,三乘,三乘法,僧那僧涅,色法,色身,色聲香味,聲聞,生死,生死苦,生死道,釋迦文,釋提桓因,實相,神變,神通,十力,受持,壽命,說法,俗,俗數,須菩提,須彌山,須彌山三昧,須陀洹,宿命,四大,四大相,四大無邊三昧,四等,四空定,四無礙慧,四無畏,四禪,所有無所有空,痛想法行法,陀隣尼門,貪欲,婬怒癡,天曼陀羅花,天子,真際,真諦,真知識,諸法,諸法寂,諸法寂三昧,諸法等三昧,諸佛身,幢幡,囑累,眾生,總持,尊者,作禮,危脆之身,滅,習緒,習想,識法,一切皆空,一相無相,一味,一味三昧,欲味,眼法,耳法,鼻法,舌法,身法,意法,道法,等覺,等正覺,見諸法所有三昧,降伏諸無智三昧,得諸法無差別三昧,得於諸法無變異三昧,諸法無所有無所聚三昧,滅諸冥三昧,於諸法次第無異三昧,於諸法無所見三昧,散花三昧,虛空三昧,虛空性三昧,如海三昧,無所破壞三昧",,
