CSZJJ,Taisho No.,terminology,error,notes
四十二章經,T 784,"佛,阿難,大眾僧,比丘,末法,威儀,持鉢,邪命,阿羅漢,結業身,餓鬼,善知識,人道,地獄,沙門,檀越,法會,供齋,持齋,信施,福會,諸天,鬼神,福德,天神,經,解脫,劫",,"Three terms have been invented: 大眾僧, 結業身, and 福會. Not sure what 供齋 is."
陰持入經,T 603,"佛經,三部,五陰,六本,所入,色,痛,想,[衛-韋+正],識,十現色入,痛種,身六痛,思想種,身六思想,更,[衛-韋+正]種,身六更,識種,身六識,五陰種,非常,苦,空,非身,慧知,斷知,愛欲,陰貌,十八本持,十二入,自身六,外有六,四諦,習,盡,道,止,觀,三十七品經法,四意止,四意斷,四神足,五根,五力,七覺意,賢者八種道[衛-韋+正],辟支佛,佛弟子,度世無為道,比丘,弊惡意法,清淨法,欲定,精進定,意定,戒定,信根,精進根,念根,定根,慧根,信力,精進力,念力,定力,慧力,念覺意,法分別觀覺意,精進覺意,愛可覺意,猗覺意,定覺意,護覺意,直見,直[衛-韋+正],直語,直治,直利,直方便,直意,直定,戒種,定種,慧種,瞋恚,慳,癡,欲界,色界,無有色界,三種比丘,三[卄/惡]本,三[卄/惡]使,四瘡,三痛,三界,十二種,癡因緣,識因緣,名字,六入,致,痛痒,愛,受,有,生,老死憂悲苦,癡已盡,四不色陰,四大本,身六思望,六身愛,四受,欲受,見結受,戒願受,身結[衛-韋+正]受,三有,命根盡,九絕處,二本,四倒,思想倒,意倒,見倒,貪欲,癡惑,賢者諦,邪見,五樂,不貪,不恚,不癡,不淨,意止,了陰,了持,了入,了名字,了從本生,了苦,了習,了盡,了道[衛-韋+正],善[卄/惡],白黑,覺意,淨觀,不淨觀,黑觀,白觀,可[衛-韋+正]觀,不可[衛-韋+正]觀,罪[衛-韋+正]觀,殃福觀,縛觀,解脫觀,有所益觀,止觀,無所著,無為,苦盡,無餘,不貪清淨本,無恚不犯法本,不惑清淨本,非常想,八法,苦想,非身想,不淨想,禪,止禪,禪定,四溝港種,四禪處,四輪,戒法,無悔,喜意,愛生,身得猗,樂,正止,寂然,離,解脫,慧見,生死已盡,不復還受苦,四道德地,見地,得道迹,道福,薄地,往來福,相離地,不復還福,欲竟地,[衛-韋+正]者福,清淨福,三縛結,知身非身,無疑,不貿易[衛-韋+正]戒,惡道,七更天上,五邪,斷常,如來,正覺,慧行,無過,法馭,同學聚,四人,四雙,八人,業,有疑,法不復生,持[衛-韋+正]戒轉摸貿,渴愛,不解避,天亦天比,摸,無有本已斷,四相應,已解相應,已斷捨相應,自證相應,增滿相應,止觀俱隨行,止要至竟,觀要至竟,惡却離,無所漏,正得解脫,已畢,四禪,無色正四定,已盡畢定,九次第正定,五蓋,愛欲蓋,瞋恚蓋,睡眠,瞑,睡眠蓋,不了悔蓋,疑蓋,五疑,等意,解明,無身,無作,無起,無滅,都清淨,離意,無有,無畏,非明非冥,淨極淨,無相,無著,與空等,寂,散解,報斷,真身,不讚陰,不稱種,不譽入,滅度,滅訖,[病-丙+(止/(止*止))],[病-丙+歲]",,Many terms with square brackets indicating rare characters make this difficult
大道地經,T 607,"三藏,僧伽羅剎,安世高,佛,三界,精進,度,佛法,諦法,行者,道地,生老病死,憂慼,苦本,得道,無為,念欲,念瞋恚,念侵,惡知識,持戒,受慧,攝意,色想,常樂,淨,貪,恚,癡,睡眠,忘意,疑過,畏怖,攝根,世間法,縛束,出,明知識,少食事,苦,不淨,守意,方便,攝根門,空澤,觀,護,厭食,戒淨,墮信,斂受法事,定,功德聚,習,止觀,四德,一切苦,穿,苦行,慧者,無為種,通經者,觀經教,五陰,甘露,貪為種,愛,佛說,箜篌,色種,痛痒種,思想種,行種,識種,十入,法,受入,百八痛,百八思想,百八行為行種,百八識,五種,成聚五種,五陰慧,性河,六足,蓮花,慧日,奉事佛,清淨,世絕福祐人,敷演,五種各應相,五陰種相,五盛陰,五陰薪,惡火,三毒,智慧意,佛所說,地獄,罪,畜生,餓鬼,天上,人中,殃福,夙行,風熱寒,愛識,生死種,身根,心根,節,筋脈,骨髓,三好,上天,精識滅,中陰,受生種,天眼,三食,樂,念,癡生,刀葉樹,惡意,不與取,讒失誡,妄論議,善還不行法語,福行,精,胞門,邪鬼,魑魅魍魎,蠱魅魖行,六根,世間輪,空,幻,生死,流水,生滅,慧清入心,度世樂,一心,世間明,止,因緣,念惡露,安般守意,惡露行,安隱,死屍,無有異,非常,非身,無所有,自在,行增滿,五十五因緣,沫,五樂,怨家,化城,骨關肉血塗,貪恚癡聚,善意,破瓶常漏,畫瓶,清溷,九門,血,疥,腐穀舍,大窟,蟲,骨嚾,罪如滿狐猴不失,不熟器,一囊兩口,葬地,露霧,瘡,盲,不淨聚,地孔,虺,空把,塚間,瞋恚忽然,顛疾盛,八十八結行,畏死,銅塗金,空聚,六衰,腐髑髏,迦陀樹皮,胎小,腐囊,深冥,六十二疑,喜妬,結垢,不意,無所依,愛不愛,破碎,病,無有自歸",,
人本欲生經,T 14,"愛, 阿難, 八解脫處, 弊惡法, 遍淨, 比丘, 不可意, 不思想, 不用從受慧, 佛, 非常, 刀杖, 諦慧, 鬪諍, 慳, 更, 慧, 因緣, 經, 結使, 盡法, 拘類國, 苦, 兩舌, 兩行得解脫, 名身聚, 名字, 明聲, 惱, 悲, 求, 識, 識慧, 識止處, 識得駐, 生老病死, 生死, 身, 受行, 色, 世間, 思想, 痛, 微妙, 聞如是, 無為, 無所著, 習, 賢者, 行道, 一時, 五陰, 憂, 欲貪, 自歸",,
阿毘曇五法經,T 1557,"阿毘曇,法,苦法,習法,盡法,道法,生死,黠,覺,苦,習,盡,道,八意,非常,空,非身,因緣,止,觀,苦諦,四諦,習諦,盡諦,道見,貪,識,罪法,結,三十七品經,行,愛,禪,佛語,安般守意,五法行,色,意,所念,別離意行,無為,四行,地種,水種,火種,風種,眼根,耳根,鼻根,舌根,身根,色聲香味細滑,心識,六識身,眼識,耳識,鼻識,舌識,身識,痛,想,痒,欲,信,進,計,善本,惡本,結縛,不思想,政盡,政不思想念想,五陰,滅,善法,瞋恚,愚癡,慢,疑,持念結,憎結,憍慢結,癡結,邪結,失願結,疑結,嫉結,慳結,三界,自慢,欺慢,不如慢,邪慢,身邪,邊邪,邪邪,斷滅,常在,盜結,戒盜,縛,使,欲使,不可使,欲世間使,憍慢使,癡使,邪使,疑使,無有色,要邪,見盜,塵,腦,睡,瞑,樂,猗,恣態,不愧,不慚,十黠,法黠,比黠,知人心黠,巧黠,苦黠,習黠,滅黠,道黠,盡黠,無為黠,八更者,苦譬黠,習譬黠,盡譬黠,道譬黠,德,無有思想思惟,天,無有欲,滅思惟,念根,命,陰,生,老",,
十報經,T 13,"長阿含, 三藏, 佛, 舍衛國祇樹給孤獨園, 舍利曰, 比丘, 說法, 無為, 苦, 惱, 思惟, 憍慢, 本觀, 定, 慧, 癡, 世間愛, 不愧不慚, 盡點, 度世, 解脫, 法經, 欲有, 色有, 不色有, 欲愛, 色愛, 不色愛, 貪欲惡, 瞋恚惡, 愚癡惡, 空, 不願, 不想, 三活向, 痛, 天人輪, 四意止, 癡惱, 四飯, 四蛘, 四失, 四成, 四諦, 苦諦, 習諦, 盡諦, 受滅苦諦, 四黠, 法身, 意根, 道弟子, 道信, 忍辱, 魔, 梵, 五種定, 五種, 色受種, 痛受種, 想受種, 行受種, 識受種, 五蓋, 愛欲蓋, 瞋恚蓋, 睡眠蓋, 戲樂蓋, 悔疑蓋, 五心意釘, 五根, 信根, 精進根, 意根, 定根, 慧根, 愛欲, 瞋恚, 侵, 五慧定, 五解脫, 陰, 戒, 學, 度世解脫, 六共居, 眼內入, 耳內入, 鼻內入, 口內入, 身內入, 意內入, 六愛, 不恭敬佛法同學者戒惡口惡知識, 恭敬佛法同學者戒好口善知識, 六行度世, 慈意, 殺意, 喜心, 六念, 念佛, 念法, 念同學者, 念戒, 念與, 念天, 六無有量, 神足, 徹聽, 知人意, 知本從來, 知往生何所, 知結盡, 七寶, 信寶, 戒寶, 愧寶, 慙寶, 聞寶, 施寶, 慧寶, 七覺意, 意覺意, 分別法覺意, 精進覺意, 可覺意, 猗覺意, 定覺意, 護覺意, 七有, 不可有, 畜生有, 餓鬼有, 人有, 天有, 行有, 中有, 七結, 愛欲結, 不可結, 樂有結, 自憍慢結, 邪結, 癡結, 疑結, 惡人七法, 七慧者法, 七識止處, 直見, 直念, 直語, 直法, 直業, 直方便, 直意, 七現恩, 八因緣, 五陰, 八種道, 八世間法, 利, 不利, 名聞, 不名聞, 論議, 稱譽, 樂, 不樂, 八瞢瞢種不精進道, 八精進方便道, 八解脫, 八大人念, 八法, 四意斷, 四禪, 五力, 九意喜, 精進致淨, 九神止處, 九結, 邪見, 貪, 嫉, 慳, 九惱本, 九意惱, 九依住, 九次定, 初禪, 二禪, 三禪, 四禪, 空定, 識, 無有欲, 無有思想, 滅, 九不應時, 地獄, 畜生, 餓鬼, 長壽天, 九無滅, 名字苦, 六入, 更樂滅, 痛滅, 愛滅, 受滅, 有求滅, 生滅, 老死滅, 如來, 沙門, 婆羅門, 十種直, 直思惟計, 直言, 直行, 直業, 直方便, 直念, 直定, 直度, 直慧, 十內外色入, 眼入, 色入, 耳入, 聲入, 鼻入, 香入, 舌入, 味入, 身入, 麤細入, 十內外蓋, 內欲葢, 外欲葢, 恚, 恚相, 睡, 瞑, 惱, 疑, 淨法中疑, 惡法中疑, 十事惡行, 殺, 盜, 犯色, 兩舌, 妄語, 麤語, 綺語, 癡, 瞋, 邪意, 十淨行, 殺止, 盜止, 色止, 兩舌止, 妄語止, 麤語止, 綺語止, 癡止, 瞋止, 邪意止, 十德道居, 十普定, 地, 水, 火, 風, 青, 黃, 赤, 白, 空, 識, 佛十力, 天眼, 結盡, 意已解脫, 慧為行脫, 生竟, 不復往來世間, 十學不復學",,
普法義經,T 98,"聞如是,佛,舍衛國,祇樹給孤獨園,舍利弗,比丘,賢者,說法,法行,諦念,道,業,經,法說,法,覺,定,信,無為,疑見,陰,空,意解,意淨,意止,意解脫,世間行,愛盡,離滅,解脫,妄,願,淨眼,四諦,行,道弟子,教法,黠行,善知識,戒,惡法,思想,不淨思想,非常思想,苦思想,非身思想,穢食思想,念死思想,明想,滅思想,邪法,貪,精進,欲,苦非身思想,穢食想,愛,死想,色,斷,沙門,空中,善惡,憍慢,世間,色聲香味細滑,甘露,四意止,四斷,四神足,貪婬,方便,如來,法依,瞋恚,愚瘡,癡瘡,疑,度世,直見,直治,直聲,直行,直有,直方便,直念,直定,直度,直黠,因緣,諦",,
漏分布經,T 57,"佛,漏,法,比丘,三藏,說法,痛,思想,愛欲,行,苦,欲漏,有漏,癡漏,癡,地獄,畜生,餓鬼,天上,人中,八種道行,直見,直更,直語,直行,直業,直方便,直念,直定,悔厭世間,清淨,得道,樂痛,苦痛,亦不樂亦不苦痛,思望,念思却,少思想,多思想,無有量思想,無所有不用思想,色思想,聲思想,香思想,味思想,身更麤細思想,五種欲,眼可色欲,耳可聲欲,鼻可香欲,口得味欲,身得麤細更知欲,思,沙門婆羅門,黑行,清白行,黑白行,亦非黑亦非清白行,生為苦,老為苦,病為苦,死為苦,近不相於為苦,愛別離為苦,所求不得為苦,卒五陰為苦,五陰,無為,經,聞如是,樂行,殃,福",,
四諦經,T 32,"佛,四諦,比丘,舍衛國,祇樹給孤獨園,如來,無所著,正覺,賢者,慧,目揵連,寺室,苦,習,盡,道,五陰,命根,六自入,識,思,痛,思想,念,愛,諦,六持,八種道,直見,直治,直語,直行,直業,直方便,直念,直定,道德諦,邪行,惡行,邪業,賢者諦",,
七處三觀經,T 150A,"佛,經,觀,三藏,聞如是,祇樹給孤獨園,比丘,道法,結,黠,自證道,受生盡,行道竟,色,諦知,色習,色盡,色滅度行,色味,色苦,色出要,痛癢,思想,生死,識,四大,愛習,愛盡,八行,諦見,諦定,欲,不常,苦,轉法,貪,斷愛,六痛癢,栽,身,六識思想,惡行,安隱,守,心行,善,不善,念守,邪疑,睡眠,魔,斷苦本,布施,作福,上天,想盡識,五陰,六衰,一證受止,阿羅漢,阿那含,斯陀含,須陀洹,持戒,著,欲著,世間著,見著,癡著,離不著,癡繞,通樂,無為,顛倒,意顛倒,見顛倒,非身,不淨,意業,老死,道眼,甘露,四施,相愛,利,同利,聞經,開意,不信令信,教人上,不持戒者令持戒,不學者令學,慳者令布施,愚者令黠,正道,法輪,天,墮人天,善群居,依賢者,知諦願,宿命有福行,舍舍,守舍,護舍,行舍,瞋恚,相,觀相,癡,弊惡意,攝守,根門,不淨相,紅汁,膖脹,狐犬半食,血流赤,青黑腐,骨白,髑髏,覺意行離,分別遠,觀覺意,盡苦得道,律根,閉至自守意,飯食節度,上夜後夜,精進,攝食,覺,沙門,婆羅門,王天王鬼神,天祠,自歸佛,自歸法,自歸比丘僧,塵垢,邪念,無有自高意,分別好醜,惡意,白黑,識行,淨觀,愛欲,疑不信,惱人,阿難,地獄,鉢,袈裟,棄戒,白衣,忍辱,怨,讒,惡地獄,天上,禪,福地,佛嚴教,天下等意行,畏,病,瘡,染泥,墮母腹中,貪欲,深黠人,生老行,展轉,疑瘡,愛瘡,貪瘡,瞋恚瘡,癡瘡,憍慢瘡,邪瘡,生死瘡,積骨經,劫,須彌山,泥洹,拔其本根,九橫,五戒,殺,盜,犯人婦女,兩舌,飲酒,惡知識,媿,慚,妄語,諛諂,欲世,色世,不色世,愛癡,冥,罪,信,淨可,垢慳,分布與,慧者,護戒,願,惡露觀思惟,等慈行,因緣生觀,惡本,好本,不貪,不恚,不惑,弊惡法,壞身,愚者,孝事父母,作沙門,法行道",,
九橫經,T 150B,"佛,經,三藏,舍衛國,祇樹給孤獨園,比丘,持戒,五戒,殺,盜,犯他人婦,兩舌,飲酒,餘戒,道,大正藏,佛典",,
八正道經,T 112,"佛,八正道,三藏,舍衛國,祇樹給孤獨園,邪道,正道,八邪行,八正行,諦見,布施,禮,天下道人,求道,諦行,諦受,得證,自成,諦念,棄欲,棄家,瞋恚怒,諦語,兩舌,傳語,惡罵,妄語,殺盜婬,諦治,生死,精進,諦意,諦定,念止,相止,護已止,聚止,比丘,道弟子,八種行諦道,八行覺,沙門,燒香,散花,然燈,十善,戒,脫,念道,忍辱,正意,口四過,道品,一衣一食,賤醫,三十七品經,因緣,聞如是,一時",,
五十校計經,T 397 (13),"佛,菩薩,王舍國,師子座,三十二相,三昧,禪,心意識,眼耳鼻口身,六情,滅盡種道栽,定意,校計,癡,黠,百八,愛,疑,顛倒,欲,墮,栽,因緣著,生死,關生,止行,斷生死,滅不滅,罪,空,不捨盡,不捨淨入淨,精還戒,進入道,忍戒,辱道,合道願,本信入道,出癡入慧,歡喜滅,佛悲,佛愁,佛惱,佛經,泥洹,出罪要,求入慧出罪法,求入空法度出空,滅時歸空,持空法解盡法,不復生,長生不滅,應相念,捨相念,雜相念,受相,阿羅漢,辟支佛,釋迦文佛,般泥洹,稽首,五陰,習,安般守意,禪覺,經行,功德,布施,貢高,五道,三惡道,貪,罪福,施,地水火風空,痛痒思想生死識,諦學",,
大安般經,T 602,"安般,諸佛,大乘,眾生,六情,邪念,陰,禪,穢念,垢濁,三毒,四走,五陰,六冥,三寶,攝心,穢欲,無想,世尊,法化,弟子,菩薩,六度,正真,守意,道,戒,因緣,空,無為,黠,三十七品經,四樂,數,隨,止,觀,還,淨,無所著,四意止,四意斷,四神足念,五根,五力,七覺意,八行,六衰,非常,苦,非身,顛倒,出息,入息,禪法,魔兵,三十六物,四諦,識苦,棄習,盡證,念道,十二因緣,羅漢,泥洹,五樂,六入,七惡,三惡,道迹,忍辱,十二品,信根,能根,識根,定根,黠根,信力,進力,念力,定力,黠力,覺意,法識覺意,力覺意,愛覺意,息意覺,定覺意,守覺意,直身,直語,直心,十善,直見,直行,直治,直意,直定,辟支佛,直念,道人,世間,持戒,十二部經,三向,智,三智,六通,神足,徹聽,知他人意,知本所從來,知往生何所,索漏盡,慈念,罪,惱,業",,
五陰喻經,T 105,"五陰,佛,比丘,色,痛,想,行,識,結,苦,空,非身,幻,智,寂滅道,安樂,三藏,聞如是,一時",,
轉法輪經,T 109,"佛,轉法輪,三藏,聞如是,比丘,法輪,無數劫,名色,癡愛,漏結,生死,五道,墮邊行,捨家,貪欲,精進,佛道,如來,最正覺,泥洹,受中,八直之道,正見,正思,正言,正行,正命,正治,正志,正定,真諦,禪思,慧見,覺所念,意解,苦,生老苦,病苦,憂悲惱苦,怨憎會苦,所愛別苦,求不得苦,五陰,苦習,愛,貪憙,欲愛,色愛,不色之愛,苦盡,婬念,無餘,苦習盡欲受道,四諦,三轉,十二事,戒,定,慧,解,度知見,阿若拘鄰,諸天,法眼,漏盡意解,阿羅漢,眾祐,法地,四天王,忉利天,焰天,兜術天,不驕樂天,化應聲天,梵界,三千日月萬二千天地",,
流攝經,T 31,"佛說,經,三藏,聞如是,佛,比丘,法,法議,流盡,欲,有流,癡流,癡,慧,教誡,愛流,捨,解,七流,惱,熱,憂,見斷,攝斷,避斷,用斷,忍斷,曉斷,行增斷,賢者,前世,未來世,疑,結,身見,不正見,苦,習,盡滅,苦滅行,三縛結,身結,疑結,行願結,隨道得一,惡處,度世,人間天上,七世,畢苦,眼根,耳,鼻,舌,身,意,攝眼根,惡露觀,惡知識,行道,供養,安隱,精進,惡法,清淨法,方便,憍慢,瞋恚,殺欺盜,獨坐,覺,分別覺,精進覺,喜覺,猗覺,定覺,觀却覺行,惡愛,世間,縛結,離苦,得道",,
是法非法經,T 48,"佛,法,非法,經,三藏,聞如是,舍衛國,祇樹給孤獨園,比丘,賢者法,非賢者法,貪婬,瞋恚,愚癡,方便,受法,如法說,隨法行,隨法諦,欲貪,律,入,通經,持法,一食,後不取,土中塚間止,三領名,露中止,樹下,空澤塚間,臥具,禪,第一禪,二禪德,三禪德,四禪德,空行,識行,非常行,思想,無有思想行,心行",,
法受塵經,T 792,"佛,法,受塵,三藏,聞如是,舍衛國,祇樹給孤獨園,比丘,受教,無上吉祥之道,染,貪,惑,著,苦,覺知,受行",,
本相猗致經,T 36,"佛,比丘,舍衛國,祇樹給孤獨園,愛,有愛,癡,五蓋,三惡行,不攝根,非本念,不信,非法聞,非賢者,度世智慧解脫,七覺意,四意止,三清淨行,守攝根,本念,信本,聞法經,事賢者,賢者聚,無為解脫,經,聞如是,一時,世間愛,法,猗",,
阿鋡口解,T 1508,"阿含,優婆塞,沙門,十二因緣,生死,度世道,癡,行,識,名色,六衰,痛,愛,受,有,生,老病死,四非常,識苦,捨習,知盡,行道,四事,道人,生死根,六入,栽,災,三十七品經,五陰,前世因緣,今世因緣,後世因緣,三世,轉相因緣,身十事,七事,三事,殺,盜,婬,兩舌,惡口,妄言,綺語,嫉,瞋恚,疑,痛痒,思想,生死識,五陰本,持,瞋恚止,貪欲止,五陰滅,十八種,十九根,十二入本,六情,色陰,痛痒陰,思想陰,生死陰,識陰,五陰地,六止,十二衰,匿賊,聚,五道識,天眼,墮地獄,布施,持戒,忍辱,精進,不疑,慳,貪,福,道,五道,歸命佛,歸命法,歸命比丘僧,比丘僧,種,腹生,寒熱和生,化生,卵生,畜生,天,地獄,慧人,空,無所有",,
禪行法想經,T 605,"禪行,法想,三藏,佛,舍衛祇樹給孤獨園,比丘,精進行禪,佛教,愚癡,想,死想,不淨想,穢食想,無常想,無常,苦,苦為非身想,非身,空,非身為空想,棄離想,却婬想,滅盡想,無我想,身死為蟲食想,血流想,膖脹想,青腐想,糜爛腥臭想,髮落肉盡想,一切縛解想,骨節分散想,骨變赤白枯黑亦如鳩色想,骨糜為灰想,世間無所歸想,世間無牢固想,世間為別離想,世間闇冥想,世間難忍想,世為費耗不中用想,世為災變可患厭想,泥洹,歸泥洹想",,
般若道行品經,T 224 (1),"道行般若經,智度,萬聖,真如,法性,無名,證,法,定,諸法,第一義,權便,一切智,八地,智,三脫,四非,觀,佛,泥洹,道行品,無生,空,戒,摩訶般若波羅蜜,比丘僧,菩薩,摩訶薩,彌勒菩薩,文殊師利菩薩,說戒,威神,善男子、善女人,空身慧,阿惟越致,阿羅漢,辟支佛,薩芸若,五陰,六衰,魔,摩訶僧那僧涅,摩訶衍三拔致,阿僧祇,幻,無著無縛無脫,摩訶衍,三昧,須陀洹,斯陀含,阿那含,色,無常,我所非我所,禪,閱叉,忉利天上,法寶,波羅蜜,十種力,四無所畏,佛十八事,劫",,
般若道行品經,T 224 (2),"道行般若經,三藏,摩訶般若波羅蜜,功德品,因坻天,梵天,波那和提天,伊沙天,那提乾天,賢者,須菩提,怛薩阿竭,諷誦,行者,恭敬,菩薩摩訶薩,般若波羅蜜,佛,提和竭羅佛,受決,佛智慧,阿僧祇劫,釋迦文,天上天下於中最尊,世間法,薩芸若,比丘,比丘尼,優婆塞,優婆夷,四部,欲天,阿會亘修天,釋提桓因,善男子,善女人,魔,魔天,拘翼,忉利天,佛道,空閑處,梵摩三鉢天,六波羅蜜,受教,佛威神,般若波羅蜜威神,四天王,甘露,瞋恚,自貢高,祝,十誡功德,四禪,四諦,四神足,般遮旬,漚惒拘舍羅,至德悉具足,禪,鬼神,法輪,辟支佛,阿耨多羅三耶三佛,恒邊沙佛國,阿惟越致,閻浮利,須陀洹,斯陀含,阿那含,阿羅漢,法德,法師,舍利,摩尼珠,檀波羅蜜,尸波羅蜜,羼提波羅蜜,惟逮波羅蜜,禪波羅蜜,智慧,惡知識,色無常,行色無常,痛痒思想生死識學無常,宿命之罪,阿須倫,閱叉鬼神,迦樓羅鬼神,甄陀羅鬼神,乾陀羅鬼神,摩睺勒鬼神,兜術陀天,尼摩羅提羅憐耨天,波羅尼蜜和邪拔致天,梵迦夷天,梵弗還天,梵波盍天,摩呵梵天盧天,波利陀天,盍波摩那天,阿波摩修天,修乾天,惟呵天,波栗惟呵天,阿波修天,惟于潘天,阿惟潘天,阿陀波天,須帶天,須帶祇耨天,阿迦貳吒天,色天人,聞法,信佛,信法,信比丘僧,佛國,菩薩,佛座",,
般若道行品經,T 224 (3),"摩訶般若波羅蜜, 漚惒拘舍羅, 彌勒菩薩, 須菩提, 菩薩摩訶薩, 布施, 持戒, 阿僧祇, 剎土, 般泥洹, 發意, 阿耨多羅三耶三菩, 阿惟三佛, 無餘泥洹界, 法盡, 聲聞, 淨戒身, 三昧身, 智慧身, 已脫身, 脫慧所現身, 佛法, 天中天, 四顛倒, 無常, 有常, 苦, 有樂, 空, 有實, 無身, 有身, 阿惟越致, 薩芸若, 釋提桓因, 魔事, 龍, 閱叉, 健陀羅, 阿須倫, 迦樓羅, 甄陀羅, 摩睺勒, 非人, 勸助, 怛薩阿竭, 阿羅訶, 三耶三佛, 欲界, 色界, 無欲無色界, 恒邊沙佛剎, 劫, 四王天, 忉利天, 炎天, 兜術天, 尼摩羅提天, 波羅蜜尼和耶拔致天, 梵天, 梵迦夷天, 梵富樓天, 梵波利產天, 摩訶梵天, [病-丙+盍]天, 波利陀天, [病-丙+盍]波摩那天, 阿會亘修天, 首訶天, 波利首訶天, 訶波摩首訶天, 首訶迦天, 比伊潘羅天, 阿比耶陀天, 須陀施尼天, 阿迦貳吒天, 首陀衛諸天人, 忍辱, 精進, 一心, 脫慧, 比丘, 舍利弗, 般若波羅蜜, 冥, 十二法輪, 生死, 歸, 拘翼, 五波羅蜜, 色, 痛痒, 思想, 生死識, 五陰, 須陀洹道, 斯陀含, 阿那含, 阿羅漢, 辟支佛, 佛道, 摩訶波羅蜜, 十種力, 清淨戒, 誹謗法, 大泥犁, 五逆惡, 諷誦, 沙門, 比丘僧, 魔所中, 無著, 無縛, 無脫, 道, 寂靜, 威神, 釋梵, 尊天, 遶, 三匝, 釋迦文, 善哉, 供養, 身口意, 本際, 執著",,
般若道行品經,T 224 (4),"道行般若經,菩薩摩訶薩,阿耨多羅三耶三菩,阿惟三佛,般若波羅蜜,須菩提,彌勒菩薩,佛,色,痛痒思想生死識,清淨,天中天,空,瑕穢,法師,功德,法,三千大千剎土,諸天子,閻浮利,法輪,摩訶波羅蜜,無所罣礙法,泥洹,無極波羅蜜,一等波羅蜜,二恍忽波羅蜜,三無上波羅蜜,四無人波羅蜜,五無所去波羅蜜,六無所有波羅蜜,七無有盡波羅蜜,八無所從生波羅蜜,九無作波羅蜜,十不知波羅蜜,十一無所至波羅蜜,十二無垢波羅蜜,十三無著波羅蜜,十四夢波羅蜜,十五清淨波羅蜜,十六不可見波羅蜜,十七定波羅蜜,十八無念波羅蜜,十九不動搖波羅蜜,二十無欲波羅蜜,二十一無所生波羅蜜,二十二寂波羅蜜,二十三無恚波羅蜜,二十四無人波羅蜜,二十五不觀波羅蜜,二十六不至邊波羅蜜,二十七不腐波羅蜜,二十八無不入波羅蜜,羅漢,辟支佛,二十九不亂波羅蜜,三十不可量波羅蜜,三十一無形波羅蜜,三十二不可得波羅蜜,三十三無常波羅蜜,三十四無苦波羅蜜,三十五無我波羅蜜,三十六空波羅蜜,三十七無有想波羅蜜,三十八力波羅蜜,三十九不可計佛法波羅蜜,四十自然波羅蜜,釋提桓因,過去佛,諷誦,善男子,善女人,供養,阿惟越致,精進,薩芸若慧,拘翼,怛薩阿竭,阿羅呵,薩芸若,淨戒,度脫,魔,留難,泥犁,禽獸,薜荔,生死根,須陀洹,斯陀含,阿那含,阿羅漢道,禪,色天,無色之天,漚惒拘舍羅,聲聞,辟支佛道地,摩訶衍,六波羅蜜,佛眼,南天竺,西天竺,北天竺,衍,護佛,佛剎,過去、當來、今現在法",,
般若道行品經,T 224 (5),"般若波羅蜜,佛,魔,因緣,須菩提,天中天,菩薩,大法,發意,善男子,善女人,佛威神,弊魔,怛薩阿竭,阿羅呵,三耶三佛,成佛,阿惟三佛,十方,薩芸若,五陰,空,無想,無願,愛欲心,瞋恚心,愚癡心,無餘,本淨,色,痛痒思想生死識,識,我,本無,須陀洹道,斯陀含道,阿那含道,阿羅漢道,辟支佛道,阿耨多羅三耶三佛,如來,阿惟越致,釋提桓因,欲萬天子,梵迦夷天,佛足,相,無所有,無所住,阿須倫,龍,鬼神,人若非人,無所罣礙慧,佛之藏,報恩,衍,諸法,寂,淨,究竟,無師薩芸若,不可計,不可量,無邊,無念,比丘僧,比丘尼,優婆塞,優婆夷,無所從生法樂,婆羅劫,受決,遮迦越王,功德,三千大千國土,劫,繞三匝,經師,人道,佛剎,供養佛,兜術天,彌勒菩薩,信樂,定行,精進,漚惒拘舍羅,佛門,阿闍浮菩薩,善知識,布施,持戒,忍辱,禪,智慧,謙苦,生老病死,無著,無縛,定,甘露,泥洹,過去、當來、今現在,如夢,如幻,阿僧祇,摩訶僧那僧涅,般泥洹,僧那僧涅,三處,餘道,檀波羅蜜,尸波羅蜜,羼提波羅蜜,惟逮波羅蜜,禪波羅蜜,空慧,無所從生,地為六反震動,舍利弗,忉利天,閻浮利地,無色,恒中沙劫,佛道,三昧,恒沙菩薩,三有德之人,一道,分漫陀尼弗,三道,善心,慈心",,
般若道行品經,T 224 (6),"阿那含,阿難,阿耨多羅三耶三菩,阿羅漢,阿惟越致,阿惟越致地,阿閦佛,阿僧祇,本無,般泥洹,般若波羅蜜,比丘,辟支佛,辟支佛地,布施,菩薩,佛,佛剎,佛地,佛門,供養,功德,怛薩阿竭,檀波羅蜜,道行,發意,發心,劫,慳貪,空,羅漢,魔,魔官屬,摩訶般若波羅蜜,彌勒菩薩,泥犁,泥洹,念,忍辱,薩芸若,沙門,色處,色痛痒思想生死識,善知識,舍利弗,生死,深經,尸波羅蜜,十戒,受決,斯陀含,須菩提,須陀洹,思惟,三昧,三昧門,提和竭羅佛,威神力,無相,無想,無常,無願,無所有,妄消去,惟逮波羅蜜,智慧,諸法,中國,中正,禪波羅蜜,禪者,證,遮迦越王,心清淨,星宿劫,有著者,優婆夷,欲處,自在,羼提波羅蜜",,
般若道行品經,T 224 (7),"道行,般若經,三藏,摩訶般若波羅蜜,守空品,菩薩,般若波羅蜜,空,守空三昧,色,痛痒,思想,識,觀,法,作證,三昧,念空,功德,智慧力,薩和薩,慈哀,阿羅漢地,辟支佛地,泥洹門,漚惒拘舍羅,阿耨多羅三耶三菩,佛,無相三昧,無願三昧,因緣想,常無常,苦,非身,無所從生,阿惟越致,菩薩道,阿須倫,龍,鬼神,摩訶薩,比丘,怛薩阿竭,阿羅呵,三耶三佛,宿命,魔,威神,貢高,瞋恚,薩芸若,善知識,惡知識,羅網,重禁,沙門,佛子,五逆惡,波羅蜜,舍怛羅,道,度,自歸,等與,根,罣礙,虛空,著,無可取,等行,禪悅,定,慈,剎土,摩尼珠,七寶,無為,四事,天中天,生死",,
般若道行品經,T 224 (8),"阿那含, 阿難, 阿耨多羅三耶三菩, 阿惟越致, 阿迦膩吒, 阿羅漢, 阿羅漢果, 阿羅漢道人, 阿須倫, 阿閦佛, 阿會亘彼立, 阿會波羅, 阿波摩那, 愛欲諸天, 般泥洹, 般若波羅蜜, 波羅劫, 波羅蜜, 辟支佛, 本淨, 本無, 本願, 比丘, 比丘僧, 邊地, 佛, 佛界, 佛坐, 佛樹下坐, 佛智慧, 佛境界, 梵天, 卜問, 瞋恚, 慈哀, 功德, 甘露法門, 地, 等心, 度滅, 發意, 法, 法鎧, 法舍, 狐疑, 恒邊沙, 幻, 懷恨, 毀誡, 化幻, 漚惒拘舍羅, 漚辰那拘尼摩, 慳貪, 拘翼, 經, 懈, 力, 羅麟那杖那佛, 摩訶般若波羅蜜, 摩尼珠, 魔, 迷亂, 滅, 泥犁, 淨力, 菩薩摩訶薩, 菩薩道, 禽獸, 薩芸若, 三藏, 三千大千國土, 三耶三佛, 色, 舍利弗, 禪波羅蜜, 識, 尸波羅蜜, 釋提桓因, 十戒, 十種力, 四部弟子, 四天王, 四天下, 四無所畏, 斯陀含, 思想, 師子獨鳴, 須菩提, 須陀洹, 須彌山, 怛薩阿竭, 檀波羅蜜, 忉利天, 痛痒, 惟逮波羅蜜, 無常, 無所生, 無所得, 無所畏, 無所著, 無所有, 虛空, 薜荔, 閻浮利, 淫, 愚癡, 憎, 證, 精進, 遮迦越羅, 善師, 羼提波羅蜜",,
般若道行品經,T 224 (9),"道行,般若經,三藏,摩訶般若波羅蜜,品,佛,阿難,菩薩,薩芸若,般若波羅蜜,人道,兜術天,般泥洹,羅漢,辟支佛,功德,摩訶薩,摩訶漚惒拘舍羅,比丘僧,佛恩,供養,教法,法,六波羅蜜,菩薩摩訶薩母,阿羅漢道,天中天,阿惟越致,四部弟子,天,阿須倫,鬼神,釋迦文佛,阿閦佛,空,幻師,十方,剎土,罣礙,智慧法,虛空,須菩提,五陰,色,痛痒,思想,生死識,十二因緣,不共法,佛道,魔,龍,非人,檀波羅蜜,尸波羅蜜,羼提波羅蜜,惟逮波羅蜜,禪波羅蜜,漚惒拘舍羅波羅蜜,魔事,阿僧祇,恒邊沙劫,三惡道,揵陀訶盡菩薩,四大,發心,願,四事不護,甄陀羅,摩睺勒,須彌山,釋梵,野馬,佛身相,生死根,覺禪,禪,三昧,定,愛欲,泥洹,薩陀波倫菩薩,佛國,曇無竭阿祝竭羅佛,忉利天,天人,善男子,三十二相,八十種好,法輪,轉,方便,眼,耳,鼻,身,心意,地水火風,有空,無空,釋提桓因,十種力,四無所畏,十八事不共,犍陀越國,幢幡,文陀羅華,摩訶文陀羅華,曇無竭菩薩,六萬三昧門,無處所三昧,無恐懼衣毛不起三昧,脫諸魔中不恐懼三昧,脫於愛欲之本三昧,脫出格戰離患三昧,不可計向入三昧,大海水不可量多慧所入三昧,在須彌山功德莊飾三昧,五陰六衰無形觀三昧,入諸佛界三昧,悉見諸佛三昧,菩薩守道三昧,諸經法本無形見說三昧,珍寶莊飾三昧,悉學珍寶入三昧,悉念諸佛三昧,菩薩上高三昧,真阿惟越致及法輪為轉三昧,莊佛功德三昧,無瑕穢悉及淨三昧,所聞眾事如大海三昧,無所護無有過三昧,樂經音聲遍三昧,經法章顯其幡三昧,怛薩阿竭身無形入三昧,怛薩阿竭,諸經法無形遍視三昧,菩薩印三昧,怛薩阿竭目見三昧,照明諸境界佛界所願具足三昧,解十方人難三昧,臨成佛莊嚴三昧,種種雜華異色三昧,多珍寶三昧,法輪常轉三昧,諸音聲遠聞入要三昧,入十方人本三昧,諸三界悉遍至三昧,成諸功德三昧,無有能過六波羅蜜三昧,外道,羅網,怛薩阿竭現飛三昧,不可復計功德度莊嚴三昧,諸珍寶智慧功德三昧,薩芸若地三昧,悉淨因三昧,悉遍照三昧,悉入十方人生死之根智慧出中三昧,過去當來今現在悉等三昧,經",,
般若道行品經,T 224 (10),"三藏,菩薩,般若波羅蜜,三昧,經法,弊魔,佛道,精進,度脫,釋提桓因,供養,遶三匝,怛薩阿竭,阿羅漢,泥洹,空,無所生,般泥洹,須彌山,佛,識,地,水,火,風,色,痛痒,思想,生死,欲,無想,願,無願,阿須倫,龍,鬼神,揵陀羅,迦留勒,甄陀羅,摩睺勒,羅剎,鳩垣,薜荔,泥犁,須陀洹,斯陀含,阿那含,辟支佛,四意止,四意斷,五根,五力,七覺意,八道,十種力,四無所畏,佛經,宿命,展轉生死,阿惟越致,三昧門,願樂三昧,威儀三昧,勸德三昧,月盛滿三昧,日光焰三昧,怛薩阿竭行三昧,悉念佛三昧,菩薩所生三昧,樂智慧三昧,度脫堅住三昧,諸境界中無所住三昧,國土種種嚴入三昧,怛薩阿竭相無相入三昧,十方人無形印封三昧,怛薩阿竭出坐三昧,無所畏樂三昧,棄捐珍寶三昧,怛薩阿竭力莊嚴三昧,諸經法悉明樂三昧,說無所從來解事三昧,淨如梵人三昧,過去、當來、今現在悉等入三昧,本端當來端無所住三昧,莊嚴佛藏三昧,佛音聲響悉成三昧,因緣,菩薩行,佛身,六波羅蜜行,曉知本無,降伏於魔,梵人,阿迦膩吒天上,八惡處,禪三昧,婬怒癡,佛境界,陀隣尼法,威神,囑累,經藏,佛天中天,阿耨多羅三耶三菩,阿惟三佛慧,耆闍崛山,羅閱祇,文陀羅華,曼殊顏華,摩訶曼殊顏華,道行般若經,摩訶",,
般舟般三昧經,T 418 (1),"般舟三昧經, 般舟三昧, 十方現在佛悉在前立定經, 三藏, 佛, 羅閱祇, 摩訶桓迦憐, 摩訶比丘僧, 比丘僧, 阿羅漢, 阿難, 菩薩, 颰陀和, 五戒, 沙門, 作禮, 威神, 比丘尼, 羅憐那竭菩薩, 舍衛, 墮梨大國, 橋曰兜菩薩, 占波大國, 那羅達菩薩, 彼羅斯大國, 須深菩薩, 加羅衛大國, 摩訶須薩和菩薩, 阿難邠坻迦羅越, 迦羅越, 因坻達菩薩, 鳩睒彌大國, 和輪調菩薩, 沙祇大國, 阿闍世, 四天王, 釋提桓因, 梵三鉢摩夷亘天, 梵, 阿迦貳吒天, 天子, 龍王, 難頭和難龍王, 沙竭龍王, 摩難斯龍王, 阿耨達龍王, 阿須倫王, 阿羞倫民, 優婆塞, 優婆夷, 閱叉鬼神, 迦樓羅鬼神, 甄多羅鬼神, 摩睺勒鬼神, 人非人, 天中天, 三昧, 智慧, 須彌山, 人中之將, 成佛, 愚癡, 慈哀, 禪, 定, 空, 無想, 無所著, 功德, 根力, 薩芸若, 清淨, 五蓋, 境界, 莊嚴諸國土, 辟支佛, 佛剎, 幻師, 陀憐尼門, 猛師子, 三處, 欲處, 色處, 無想處, 怛薩阿竭, 泥洹, 偈, 阿彌陀佛, 須摩提, 定意, 黠, 善知識, 惡知識, 飯知足, 習等意, 悲意, 棄蓋習禪, 色, 陰, 四大, 不淨, 犯戒, 疑法, 諍佛, 却法, 亂比丘僧, 妄語, 道德家, 癡人, 十惡, 十善, 九惱, 八精進, 八懈怠, 八便, 九思, 八道家念, 貢高, 自大, 生死, 賊, 蛇, 三界, 無為, 貪欲, 不退轉地, 無上正真道, 善覺, 三十二相, 痛痒, 思想, 識, 空三昧, 摩訶迦葉, 須真天子, 空定, 須波日, 無所從生法樂, 阿惟越致, 觀死人骨, 佛力, 三昧力, 本功德力, 佛法, 經, 忍辱, 精進, 一心, 度脫智慧, 師子座, 佛種, 十力地, 摩訶衍, 摩訶僧那僧涅, 一切智, 三千國土, 經藏, 聖智, 億劫, 法",,
般舟般三昧經,T 418 (2),"三藏, 無著, 佛, 颰陀和, 菩薩, 三昧, 經, 持戒, 阿耨多羅三藐三菩提, 色, 痛痒, 思想, 生死, 識, 愚癡, 智者, 智慧, 我, 一切法, 無所有, 諸法空, 泥洹, 無所著, 摩訶衍, 偈, 婬欲, 非常空, 成佛, 甘露, 度脫, 佛道, 五道, 色漏, 無想空, 精進, 法, 虛空, 道意, 無想, 無作, 定意, 世雄, 賢聖, 外異道, 十方, 化法, 世尊, 法施, 寂三昧, 無量德, 垢塵, 貪, 瞋恚, 狐疑, 空三昧, 四輩, 天中天, 比丘, 缺戒, 禁法, 功德, 天, 遮迦越王, 毀戒, 羅漢, 布施, 信, 和上, 善師, 比丘尼, 優婆塞, 優婆夷, 獨處止, 乞食, 嫉妬, 經行, 鉢, 震越, 佛子, 惡知識, 佛教, 菩薩道, 摩訶衍三拔致, 貢高, 婬、恚、癡, 魔羅網, 憍慢, 慈, 小慈, 大慈, 白衣菩薩, 修道, 五戒, 沙門, 八關齋, 佛寺, 福, 比丘僧, 慳妬, 自歸於三, 授決, 怛薩阿竭, 般泥洹, 閻浮利, 佛經, 羅隣那竭, 摩訶須薩和, 憍曰兜, 那羅達, 須深, 因坻達, 和輪調, 經卷, 深經, 佛國, 阿難, 袈裟, 作禮, 神通, 正真覺, 眾生, 聖, 深法藏, 無上道德, 宿世命, 慈哀, 大道行, 那術數, 舍利, 塔寺, 龍, 乾陀羅, 清信士, 玄妙法, 方等經, 一切縛, 空慧, 紫磨金色, 百福相, 三惡道, 八難處, 彌勒佛, 歸, 供養, 寂滅句, 人中尊, 法忍, 無上大道行, 修梵行, 賢劫, 光明, 劫, 居士, 正法化, 無億教, 無上道, 導世間, 威神, 無量佛, 清淨之戒, 分衛, 愛欲, 慈心, 劫盡壞燒, 閱叉鬼神, 非人, 狂玃, 薜荔, 鳩洹鬼神, 禪, 阿須輪, 迦留羅鬼神, 真陀羅鬼神, 摩睺勒鬼神, 四天王, 釋提桓因, 梵三鉢天, 恒, 地獄, 餓鬼道, 畜生, 道意不退轉, 法慧, 魔事, 邪道, 末世, 阿僧祇劫, 阿羅訶, 三耶三佛, 羼羅耶佛, 須達, 忉利天上, 術闍波提, 剎利, 賴毘羅耶, 婆羅門, 提和竭羅, 菩薩眼, 諸佛之藏, 四意止, 觀身, 觀痛痒, 觀意, 觀法, 阿惟越致, 念佛, 空寂, 守覺, 念法, 忍辱, 阿羅漢道, 無所從來生法, 觀, 出家, 奉戒, 覺意, 正法, 餘道, 慚愧",,
般舟般三昧經,T 418 (3),"般舟三昧,三藏,佛,品,菩薩,比丘,僧,比丘尼,作禮,四天王,釋提桓因,梵天,優婆塞,優婆夷,布施,衣,鉢,威神,供養,經,四輩弟子,三昧,垢,冥入明,無所從來生法樂,愛欲,貪,五所欲,空,信,報恩,偈,法,五道,著,慧,眾生,戒,忍,精進,六度,慈悲喜護,善權方便,慳貪,佛道,蓋,貢高,吾我想,寂定,道,定慧,劫,十方,釋迦文,內法,定光佛,大士,天中天,色,陰,根,欲,如來,阿羅漢,三耶三佛,阿惟越致,辟支佛,虛空,遮迦越王,須彌山,功德,塵勞,神通,法鼓,覺,舍利,幡蓋,顛倒,滅度,世尊,人中尊,相好,紫磨金色,佛子,瞋恚,愚癡,生死,邪見,無想,思想,嫉妬,妄語,非法,乞食,經行,究竟,阿耨多羅三藐三菩提,忍辱,麁漏,法師,佛教,等見,十八不共,十種力,正覺,佛弟子,善男子、善女人,福,度脫,平等覺,不退轉菩薩,阿僧祇,閻浮利,踰旬,發意求佛道,沙門,剎利,魔事,恒邊沙,佛剎,魔,佛印,諸天,阿須輪,鬼神,龍,須陀洹,不復還",,
方等部古品曰遺日說般若經,T 350,"佛,遺日摩尼寶經,三藏,支婁迦讖,舍衛國,祇洹阿難邠坻阿藍,摩訶比丘僧,菩薩,摩訶迦葉,經,法,智慧,精進,道意,兩舌,諛訑,慈心,外道,供養,瞋恚,貪嫉,罪,成就菩薩,三昧,持戒,功德,羅漢道,布施,虛空,惡知識,辟支佛道,無為,教道,善知識,天中天,六波羅蜜,魔界,法施,犯戒,忍,般泥洹,三十二事,禪,漚惒拘舍羅,小道,大道,非法,師子,戒德之鎧,三處,薩芸若,須彌山,忉利,遮迦越羅王,七寶,三十七品經,摩尼珠,阿羅漢,無法,無我,無人,無壽,無常,無色,無痛痒,無思想,無生死識,法本根,中之智黠本,佛界,界,智黠,無心,五道,等無有異,世間,度,未度,脫愛欲,泥洹,苦,癡,空,相,無相,願,無願,死生,滅,出生,著,沙門,婆羅門,色,聲,香,味,墮死生,觀,愚癡,愛欲,三界,蓮華,優鉢華,龍,鬼神,四大,六衰,五陰,佛子,釋,梵,閻浮利,醫王,三千國土,因緣,心,誡禁,身行,口行,心行,一味,淨,瑕穢,比丘,比丘尼,優婆塞,優婆夷,山中空閑之處,制心,白衣,袈裟,鉢,垢濁,泥犁,毀戒,心邪亂,髠頭剔鬚,媮[女*閻],信,我所,計,中邊,縛,須陀洹道,禪道,迦葉佛,化作,不爭,神,婬,怒,度脫,無所見,無所為,放,守道,降伏魔,化人,緣法,羅漢地,斷,忍地",,
阿闍世王經,T 626 (1),"佛,羅閱祇,耆闍崛山,比丘,菩薩,摩訶薩,總持,無所罣閡欲,無所從生法忍,三昧,智慧,天帝釋,龍,閱叉,揵陀羅,阿須輪,迦留羅,真陀羅,摩休勒,人非人,文殊師利,上人,兜術天子,無極智慧,一切智,功德,薩芸若心,僧那,僧涅,劫數,無央數,羅漢,辟支佛,摩訶衍,五道,生死,戒,忍辱,精進,一心,法寶,佛智慧,法身,泥洹,十二因緣,五陰,魔事,魔界,三十七品,根林,薩芸若,法輪,魔,六波羅蜜,四等心,五句,四事,三脫,忍辱利,漚和拘舍羅,三界,弟子,辟支佛地,六事,淨戒,神足,德眼,慧眼,佛眼,十八法,法眼,十種力,諸佛剎,阿耨多羅三藐三菩提心,怛薩阿竭,阿鼻,泥犁,迦羅越,沙門,佛樹,般泥洹,五逆惡,佛種,器,吾我人,貪,瞋,癡,道,信,婬怒癡,無所住,四大,六衰,須陀洹,禪,摩仳低三昧,阿僧祇劫,聲聞,菩薩道,華蓋,因緣,貪愛,冥,空,業,無上平等道意",,
阿闍世王經,T 626 (2),"佛,阿闍世王,三藏,菩薩,文殊師利,剎土,陀隣尼,諸法,道,法,僧,總持,閱叉,阿須倫,迦留羅,真陀羅,摩休勒,人非人,釋,梵,功德,戒,善根,精進,薩芸若,忍辱,佛身,禪,慧,空,無想,無願,無欲,無所著,無所見,幻,夢,野馬,水中聚沫,水泡,化,無常,無我,寂,阿僧祇劫,佛樹,眾魔,泥洹,法身,三昧,菩薩藏,俗,聲聞,辟支佛,十二因緣,阿惟越致,輪,金剛,法輪,佛剎,怛薩阿竭,羅毘拘速三昧,比丘,分衛,摩訶迦葉,摩訶薩,生死,婬怒癡,慈心,漚和拘舍羅,神足,鉢,五陰,四大,六衰,羅漢,僧那僧涅,須陀洹道,阿耨多羅三耶三菩心,閻浮利地,兜術天上,彌勒,遮迦越羅,阿難,忉利天子,摩訶衍,法忍,優婆塞,優婆夷,淨戒,四諦法,法眼,八惟務禪,末世法,邪道,外道,菩薩印,三摩陀阿樓者陀,法來",,
問署經,T 458,"文殊師利,菩薩,佛,舍利弗,怛薩阿竭,摩訶目揵蘭,摩訶迦葉,摩訶迦旃延,摩訶拘絺,邠利文陀弗,須菩提,阿難律,朱利敢,摩訶敢,奈吒和羅,阿難,羅漢,比丘,摩訶僧那僧涅,釋提桓因,祇洹,發意,阿惟越致,佛法,轉法輪,痛痒,思想,生死,識法,慧,世俗法,道法,眼色識,須陀洹,辟支佛,精進,十二因緣,鉢,被服,剃頭,受戒,三昧,五陰,四大,六衰,優婆塞,優婆夷,天子,婆羅門,不可見頂佛,釋迦文佛,三十二相,婬怒癡,泥洹,五道,波羅蜜,阿耨多羅三耶三菩提,大千剎土,十善,禪,忍辱祠,精進祠,三昧祠,多所聞祠,法施祠,三拔致,摩訶衍,十種力",,
兜沙經,T 280,"佛,諸佛,摩竭提國,法,金剛蓮華,師子座,極相法,佛剎,菩薩,一生補處,泥洹慧,宿命,慧法,佛剎塵,菩薩十法住,菩薩十法所行,菩薩十法悔過經,菩薩十道地,菩薩十鎮,菩薩十居處所願,菩薩十黠,菩薩十三昧,菩薩十飛法,菩薩十印,威神,筋力,四事不護,三昧,光明,智慧,四事無所畏,阿逝墮,訖連桓,文殊師利菩薩,阿泥羅墮羅,樓耆洹,佛陀師利菩薩,阿斯墮陀,波頭洹,羅隣師利菩薩,阿闍墮,占倍洹,檀那師利菩薩,阿輸那墮國陀,優彼洹,群那師利菩薩,阿旃陀墮陀,犍闍洹,那涅羅師利菩薩,欝沈墮大,羅憐洹,惟闍師利菩薩,阿波羅墮,活逸洹,曇摩師利菩薩,楓摩墮羅,潘利洹,[怡-台+若]那師利菩薩,墮色,儨提拾洹,那軷陀師利菩薩,蔡呵祇剎土,波迦私提,勝達,世世慢陀,夷阿那坭提,釋迦文尼,鼓師薩沈,墮樓延,俱譚滑提,摩呵沙門,晨那愁樓提,質多愁樓提,釋迦文佛,閻浮利天南,須彌山,遮加惒山,弗于逮天東,俱耶匿天西,欝單曰天北,照頭摩羅天,忉利天,鹽天,兜術天,泥摩羅提羅鄰優天,波羅蜜和耶拔致天,梵天,梵迦夷天,梵弗還天,梵迦產天,摩訶梵天,廅天,波梨陀天,廅波摩那天,阿會亘羞天,波栗羞訶天,阿波摩羞天,羞訖天,權呵天,波栗推呵天,阿波墮訶天,惟于潘天,阿惟潘天,阿陀波天,須[無/足]天,呵迦膩吒天,阿惟先惟先尼[卄/呵],阿栴墮還佛,阿泥羅墮還佛,阿闍陀墮還佛,阿樓那墮還佛,阿栴陀墮還佛,欝沈墮還佛,伊豆羅墮還佛,梵摩墮還佛,惟夷羅還佛",,
阿閦佛國經,T 313 (1),"阿閦佛, 佛國經, 三藏, 發意, 受慧, 聞如是, 佛, 大比丘眾, 比丘, 阿羅漢, 生死, 結, 牢獄, 自在意, 智慧, 諸天, 龍王, 賢者, 天中天, 菩薩, 無上正真道, 行德號, 安隱, 世間, 安諦, 摩訶薩, 法之明, 佛光明, 菩薩道, 僧那, 阿惟越致, 世尊, 阿比羅提, 大目, 說法, 六度無極, 如來, 無所著, 等正覺, 佛剎, 結願, 瞋恚, 正真道意, 薩芸若意, 弟子緣一覺意, 婬欲, 狐疑, 最正覺, 殺生, 盜取他人財物, 非梵行, 妄言, 罵詈, 惡口, 愚癡, 綺語, 邪見, 僧那僧涅, 阿閦, 阿閦地, 四天王, 天帝釋, 梵三鉢, 得律行迹, 沙門, 補納之衣, 三法衣, 法師, 無所罣礙, 高明之行, 無量高明之智, 分衛, 樹下坐, 精進行, 經行, 坐, 住, 誹謗, 讒言, 布施, 福施, 法施, 保任, 阿須倫, 比丘尼, 優婆塞, 優婆夷, 佛剎嚴淨, 失精, 不退轉, 震動, 佛威神, 三千大千世界, 憋魔, 功德, 陂陀劫, 授決, 提洹竭佛, 薩芸慧, 龍, 鬼神, 揵沓惒, 迦留羅, 真陀羅, 摩休勒, 人非人, 天華, 天香, 供養, 優鉢華, 蓮華, 拘文華, 分陀利華, 天衣, 得度無極, 和夷羅, 福德快飲食, 佛之境界, 神神之境界, 龍龍之境界, 因緣, 兜術天, 一生補處之法, 神力, 右脇生, 修行, 絞露精舍, 魔事, 降伏眾魔, 出家學道, 佛剎善快品, 恭敬清淨之行, 天眼, 佛樹, 天栴檀, 雜香, 搗香, 圓華蓋, 積累德本, 七寶, 三惡道, 泥犁, 禽獸, 薜荔, 三病, 婬, 怒, 癡, 眾邪異道, 八味水, 善法行, 玉女寶, 法王, 欝單越, 真人法御, 婬欲意, 清淨行, 瓔珞, 惡舌, 嫉妬, 安定寂行, 愛欲, 婬妷, 嚴淨佛剎, 摩尼寶, 千葉金色蓮華, 化人, 他方異世界, 弟子學成品, 律之行, 八惟務禪, 弟子聚會, 波頭犁, 阿羅羅犁, 阿比舍犁, 阿優陀犁, 須陀洹, 斯陀含, 阿那含, 七生七死, 坐禪, 三昧, 波羅尼蜜和耶越天, 無餘泥洹界般泥洹, 沙門四道, 學住, 不學地, 阿羅漢地, 勤苦牢獄, 八維無禪, 忉利天下, 閻浮利地, 天宮殿, 四輩弟子, 鉢, 十四句法, 穢濁劫, 諸結, 穢濁, 習欲, 惡道, 貢高, 憍慢, 律, 善本具, 五逆之事, 貪著, 少欲知足, 苦, 空, 非常, 非身, 受戒, 剃除鬚髮, 神足比丘, 三品作行, 般泥洹, 波藍坐居, 身中自出火還燒身, 身中放水, 清淨, 四解, 四神足安隱行",,
阿閦佛國經,T 313 (2),"阿閦佛國經, 菩薩, 學成, 賢者, 舍利弗, 佛, 弟子, 如來, 無所著, 等正覺, 佛剎, 菩薩摩訶薩, 威神, 法語, 諷誦, 持, 陂陀劫, 無上正真道, 世尊, 善男子, 善女人, 往生, 緣一覺地, 眾僧, 魔羅網, 佛地, 清淨, 諸法, 法士, 佛道, 阿惟越致, 覺意, 智慧度無極, 在家者, 出家為道者, 福德, 善本, 憋魔, 三昧, 寂定, 和耶越致天, 炎天, 止足, 空閑處, 度脫, 七寶, 布施, 不退轉地, 轉輪王, 魔, 魔天官屬, 弟子道人, 神足行, 三昧正受, 邪道, 正道, 須陀洹道, 道迹, 惡道, 斯陀含, 阿那含, 阿羅漢, 阿羅漢道, 佛樹, 寂寞, 阿難, 須菩提, 虛空, 般泥洹, 摩訶般泥洹, 化人, 授決, 羞洹那洹波頭摩, 金色蓮華, 安諦, 大動搖, 阿漸貨羅天, 阿迦尼吒天, 瑞應, 供養, 華香, 雜香, 搗香, 圓華蓋, 天, 龍, 鬼神, 揵陀羅, 阿須倫, 迦留羅, 真陀羅, 摩休勒, 薩芸若, 法行, 念行, 八百門, 微妙, 骨, 塔, 莊嚴, 佛意, 法身, 母腹, 右脇, 七步, 降伏魔, 薩芸若慧, 轉法輪, 劫, 小劫, 法滅盡, 功德, 生死, 囑累, 布施度無極, 積累德本, 持願, 誡度無極, 忍辱度無極, 精進度無極, 一心度無極, 慈, 悲, 沙門義, 辟支佛義, 弟子之行, 弟子意, 緣一覺意, 諦住於空, 惡道法, 三寶, 四維, 勸助, 凡夫之剎, 天眼, 菩薩道, 結願, 阿比羅提世界, 轉所願, 非人, 天眼比丘, 神通比丘, 天耳, 阿羅漢證, 二生補處, 三生補處, 居家學道",,
內藏百品經,T 807,"佛,經,三藏,比丘,僧,菩薩,漚和拘舍羅,佛智,經法,阿羅漢,辟支佛,著,無所著,十方,幻,阿僧祇劫,般若波羅蜜,閻浮提,佛道,魔,佛坐,度脫,釋梵,空,蓮花,金剛,福,佛剎,功德,分衛,鉢,威神,供養,禪,三昧,善惡,前身,後身,死生,今世後世,五陰,六衰,四大,欲界,色界,無思想界,五道,愚癡,布施,四諦法,受戒,般泥洹,泥洹,說法,無所生無所滅,智慧,未得道人,薩云若,因緣,中有,無所從生,佛境界,化分身,慈哀,三門,不貪,念佛,菩薩道,經戒,作禮",,
成具光明經,T 630,"佛說成具光明定意經,佛,迦維羅衛國,精舍,阿難,明士,除惡眾,無著,履跡,如來,四輩人,稽首,居家修戒,威神,諸佛國,諸天,四神足,自然座,化花蓋,眾戒,三穢,六患,五蔽,煩惱,疑網,倒見,不知之本,十二牽連,觀音,護世,導世,天尊,法,智,施,具戒,四食,常,無常,諦,苦,空無,非身,無我,無作,無緣,結解,三流,未曾有法,受持,妙法,三界,法財,惑,相好,十方,彼岸,一切智,度人,索結,億劫,力辦眾有,四天王,大勢龍王,紺瑠璃色,彈指頃,說法,釋梵八種,呪願,諦觀,六德之行,得佛,廣施,廣戒,廣忍,廣精進,廣一心,廣智慧,四大,不淨,四信,內身外身,觀體非體,觀物非物,法施,三殃,四過,三惡,活生,三戒,十戒,瞋恚,空忍空,遠俗近道,經行,身口意,斷愛,三十七品,空閑寂寞,數息入禪,捨六就淨,三痛,六十二沈吟之想,八十八難解之縛,生死,道品,滅度,方便,絕三界,慧定,總持,佛號,無上獨尊平等,四淨法,眼淨,身淨,口淨,意淨,定意,佛事,四無所畏,十種力,十八神妙特異之法,變化自在,邪藏,不著不斷,因緣行,解脫,成具光明,供養,三惡道,尊定,百三十五事,貪垢,欲根,不我計,四止,四斷,五根,五力,七智,八正,八念,八常勤,一法,不想想,等善惡,明冥,俱空,有無本為一,防識,往來三而不著,諸性了無根,同無,常住無絕無想,常無常以過上,法合離,苦習,止,剪三愛,除四失,增四城,離五覆,絕六慢,修六敬,具六法證,行七慧,強八力,拔九結,習九滅,十弘淨,十力慧,十直法,三寶,入無所著,入空,無吾念,無我想,無人計,第十之地,無所從生法忍,獨尊平等覺意,不迴還行,無所著道,五戒,法輪常轉,妙慧,因緣覺佛,無所想,清淨想,止清淨想,空見無所見,四要,佛要,法要,空要,滅要,十二因不著,空行,意識,生死苦,邪見,纏縛,行定,正觀,佛地,五願,佛身相好,金體,八十種好,廣舌,白毫,天眼,道眼,法眼,慧眼,四眼,感應,受拜決,五無轉心,小道,邪業,誓立五願,明士行,法門,十二部要,外智之士,九十六種,神足,經行空中,身出火水,正戒,佛經,道人,四倒,度世法,正道,泥犁,善根,三千大千之國,安樂慧定,通解法門,宿罪,書經,設坐閣,燒香敬禮,三時,十五戒,十事,親就賢友,六齋,入塔,禮拜三尊,眾僧,二十事,慚愧,四念,七寶,二十八天,布施,十二大天神,大護,福救,祐眾,不厄,善將,光明,道戒,拔苦,大度,度厄,安隱,普濟,五清淨,高座,六度無極,天龍鬼王",,
法鏡經,T 322,"眾法,鬄髮毀容,法服,廟堂,道,群生,賢聖,清淨,法鏡,聖業,釋傳,三寶,聞如是,一時,眾祐,勝氏之樹,給孤獨聚園,除饉,開士,慈氏,敬首,始棄,闚音,說經,禮眾祐足,理家,發求大道,德本,無上正真道,稽首,長跪,叉手,敷演,如來,應儀,正真道,發意,大道,度,脫,滅度,眾生,重任,生死,劫,去家為道,道品之法,居家者,興隆三寶,修學,德善,自歸於佛,自歸於法,自歸於眾,佛身,三十二大士之相,溝港,頻來,不還,凡人,弟子道,道意,大悲哀,異道,布施,正法,僧,賢夫,凡夫,正命,利衰毀譽稱譏苦樂,世間法,三道,慈哀佛,持戒,五戒,邪行,妄言,飲酒,諦言,正知,布施度無極,度無極,不麁言,柔軟之言,綺語,正見,邪見,忍辱,癡網,難化,正真覺者,修道,出要,惡道,欲,瞋恚,愚癡,戒,定,慧,度知見,因緣,顛倒,幻,色聲香味細滑,寶施,貪婬,六度無極,戒度無極,忍度無極,精進度無極,思惟度無極,慧度無極,精進,方便,聖人,經,非常想,地獄,畜生,神鬼,不我想,無主想,假借喻想,正意,邪意,慈哀,先世,十方諸佛,殊越,息心,佛戒定慧,聖仙,神通,瞋,怒,恚,空廟,慈哀喜護,齋戒,多聞,明經,奉律,奉藏,開導,聖典,羞慚,離婬樂,眾勞,聖道,業,憍慢,無見頂,誦利經,修行,慈心,五通,權謀之慧,法施,四合聚,六可思念,擇法,正思,正言,正業,正方便,正志,正定,空,不想,義不以文,法不以人,智不以識,講經,惡友,嫉慳,五道,欲界,色界,無色界,陰,死,少欲,無身,非人,非命,非丈夫,非類,非女,非先,無造者,無教造者,無與者,無興起者,婬塵,十二精,諸諦,諸陰,諸情,諸進入,佛,懈怠,淨戒,罣礙,邪疑,貢高,謗毀,幻法,因緣法,淨定,淨慧,情欲,擇智,無相,無為,淳德,賢劫,阿難,天與人,學佛,佛教,惟衛佛,罪,釋迦文佛,自歸,悔過",,
中本起經,T 196 (1),"中本起經, 四部僧, 長阿含, 沙門, 轉法輪品, 阿難, 佛, 摩竭提界, 善勝道場, 降魔, 覺慧, 三達無礙, 提謂波利, 三自歸, 五戒, 清信士, 定光, 釋迦文, 如來, 至真, 等正覺, 明行成為, 善逝, 世間解, 無上士, 道法御, 天人師, 眾祐, 六度無極, 四等不倦, 大願果成, 世尊, 梵釋請法, 甘露, 五道輪轉, 甘露法鼓, 三千大千世界, 拘憐, 頞陛, 拔提, 十力迦葉, 摩南拘利, 波羅奈國, 相好嚴儀, 優吁, 八正覺, 欲網, 聖道, 瞿曇, 無上輪, 三界眾聖, 泥洹, 鹿園, 悉達, 正真, 平等覺, 取中, 覺慧行, 六通悉覺, 八正行, 五陰, 四諦, 苦, 習, 盡, 入道, 生苦, 老苦, 病苦, 死苦, 憂悲惱苦, 恩愛別苦, 怨憎會苦, 所求失苦, 八正為真, 正見, 正利, 正言, 正行, 正命, 正治, 正志, 正定, 苦習, 無生, 羅漢, 法眼, 惡生, 忍辱人, 平等正覺, 大智, 漏盡意解, 無上法輪, 寶稱, 恩愛獄, 名色械, 天尊, 無垢法眼, 富褥, 惟摩羅, 憍炎鉢, 須陀, 心本, 垢除縛解, 應真, 比丘, 三尊, 拔愛除有, 憂為羅縣, 梵志斯奈園, 鉢, 金光, 歸命三尊, 欲界魔王, 泥蘭禪河, 迦葉氏, 欝俾羅, 火祠, [卄/汧]沙, 五道, 權慧拯濟, 梵志, 過中不飯, 三界欲火吾已滅之, 神龍, 吐毒繞佛, 化毒皆使為華, 入鉢, 火光烔然概天, 真人, 紫金耀, 紺青, 大人百福德, 神妙應相經, 丈六, 八十章, 頂光, 無常, 弗于逮, 閻浮提界, 拘耶尼, 欝單曰, 閻逼, [卄/呵]蠡勒, 阿摩勒果, 粳米, 天帝釋, 指地池, 四天王, 帝釋, 梵天, 七梵天, 供養, 法服, 稽首, 水瓶杖屣, 那提迦葉, 迦耶迦葉, 佛道最勝, 神足示現, 教授示現, 心意識行, 因緣染著, 說法示現, 六情, 婬, 怒, 癡火, 長老有尊德, 改邪修正見, 無想入禪慧, 天龍鬼神, 羅閱祇, 瓶沙, 福無量, 須波羅致樹下, 右繞三匝, 摩竭提王, 殺生祠祀, 天神不食, 學道無師, 洗浣心垢, 靜定, 身升虛空, 火, 水, 以水雨火, 五色赫奕, 叉手, 長跪, 慈恩, 解脫罪縛, 三界頂受, 奉火修異術, 尊正諦, 學邪志不善, 精進受正法, 婬心, 貪心, 怒心, 息惡令善, 真言, 識無綺可, 五陰外來, 六情無主, 陰衰無名, 法王, 誹謗有道, 生死皆由恩愛, 地獄, 畜生, 餓鬼, 罪福明正, 癡有形, 從形生情, 從情生識, 從識生欲, 從欲有父子, 從父子生恩愛, 從恩愛生憂悲, 五道無有休止, 得道者, 見諦不迴, 須陀洹, 斯陀含, 阿那含, 道位次敘, 道跡, 受戒, 婆羅門, 忉利天帝, 華散佛上, 長者, 迦蘭陀, 尼揵, 精舍, 僧房, 坐具, 竹園精舍, 舍利弗, 大目揵連, 那羅陀, 沙然, 仙行, 優波替, 拘律陀, 威儀庠雅, 法本, 因緣空無主, 息心達本源, 甘露仙化, 壞裂俗網, 寂行, 僧次, 頭髮自落, 古佛, 結戒, 行籌數, 迦維羅越王閱頭檀, 憂陀耶, 道俗異故, 八解正水, 戒, 定, 慧品, 香熏八難, 四禪為床, 比丘僧, 四諦神足, 四恩慈悲, 調達, 惡心內興, 幻術, 聖王, 樹傾敬稽首, 三禮, 車馬生死乘, 參駕五通馳, 剃頭被納服, 慚愧為衣服, 法衣真人服, 息心名如來, 行乞食, 法味為道食, 持鉢福眾生, 道場, 道藏為浴池, 正水滿其淵, 三毒盡, 三達快無雙, 大乘, 辟支佛, 羅漢意, 目連, 道力, 無上正真道意, 樂無為者, 出家居道, 剛強降伏",,
中本起經,T 196 (2),"阿那含, 八關齋, 八敬之法, 比丘, 比丘尼, 鉢, 本願, 布施, 般泥洹, 謗毀, 悲, 梵行, 梵迹, 佛, 佛法, 佛齋, 不可思議, 不殺生, 不盜竊, 不退轉三昧, 不飲酒, 大悲, 大千, 大慈, 大道, 道, 道法, 道行, 道意, 得道, 定意, 帝釋, 弟子, 度, 度世, 等正覺, 諦, 調心, 多聞, 脫淵, 法, 法眼, 法教, 法御, 法儀, 法衣, 法律, 凡人, 犯戒, 反真, 發道心, 福, 福德, 福田, 福報, 福祐, 福盡, 分衛, 供養, 功德, 歸比丘僧, 歸佛, 歸法, 歸滅, 戒, 戒定, 劫, 解定, 解脫, 結解, 禁戒, 金剛, 精勤, 精進, 精舍, 精廬, 盡, 居士, 具, 覺, 撿心, 經, 經法, 苦, 苦惱, 六師, 六通, 律, 律戒, 輪轉, 魔天王, 禪, 禪定, 僧, 僧房, 殺盜婬, 沙門, 三達, 三界, 三昧, 三尊, 三塗, 善惡, 舍利, 捨家, 上聖, 受戒, 受施, 神足, 神通, 神旨, 生死, 生天, 攝心, 色, 色欲, 世尊, 十力, 首過, 四大, 四定, 四道, 四禪, 四神足念, 宿行, 宿命, 塔, 天人, 天樂, 天龍鬼神, 無垢, 無間, 無量法, 無量意三昧, 無畏, 無為, 無形三昧, 無所生, 無上正真, 污行, 威神, 威儀, 為福, 五戒, 五道, 五欲, 優婆塞, 優婆夷, 愚癡, 疑, 疑網, 業, 永寂, 應真, 憂悲, 愚惑, 咒願, 坐具, 罪惡, 罪福, 罪咎, 正念, 正法, 至真, 智慧, 智定, 諸漏, 諸天, 就戒, 心垢, 心結, 心悅, 信, 信行, 邪行, 邪術, 長老, 淨戒, 淨意, 清淨, 清淨積三昧, 名色, 明行, 慧定, 恚怒",,
法句經,T 210 (1),"法句經,尊者,沙門,無常品,道,佛言,非常,滅,老死,眾生,行,墮,殃福,縛,比丘,魔兵,生死,得度,教學品,道明,正見,惡道,邪見,法行,行道,不死,行滅,漏,見法,道人,戒,精進,正法,異術,智慧,諦,三惡,毒,度生死,多聞,持戒,聖,正覺,戒慧,定,甘露法,泥洹,法律,非法,不死處,法藏,佛弟子,釋梵,仙人,聖智,多聞者,篤信品,信,慚,戒,意財,天行,布施,滅度,彼岸,信行,聖,無為,縛,慧意,度恚,智慧,慳垢,野沙門,慚愧,七財,淨觀法,戒慎品,律,三寶,真見,諸根,正定,正觀,正智,垢,聖,定,慧,解,魔界,無上道,非道,惟念品,安般,出息,入息念,念,一心,六更,愛,苦际,覺者,甘露要,漏盡,自歸佛,佛法眾,念身,念非常,念戒,布施德,空,不願,無相,慈仁品,為仁,不殺,梵行,慈哀,佛教,知足,知止,少欲,仁,慈心,違戒,言妄,放逸行,惡道,梵天,無量,愍傷眾生,言語品,惡言,結,忍意,解脫,法說,義說,甘露說,雙要品,法本,罪苦,福樂,冥,不淨,攝諸根,精進,毒態,法衣,邪計,正計,淫泆,習非,熱惱,婬怒癡,止觀,非佛弟子,佛弟子,放逸品,甘露道,死徑,受胎,三界,捨家,佛教,濁黑法,清白,度淵,心意品,慧,魔繫,不知法,正智,覺者,佛說心法,斷苦因緣,魔戰,華香品,法句,德華,幻法,魔道,佛弟子,愚闇品,愚生死,正法,癡意,道要,愚人,聖教,明哲品,修福,進道,陰德,法,聖人,慧人,大人,無欲,大賢,戒慧道,度岸,正教,脫死,五陰,智慧,情欲,無為,正智,諦,不起,漏盡,度世,羅漢品,真人,脫欲,無着,縛結,心淨,癡淵,無想,制根,憍慢,無垢,生死世絕,寂然,棄欲,三界障,望意,上人,應真,空閑,述千品,眾經,偈,佛,一切智,大仁,道義,十二部經,四部阿含,阿難,聞如是,沙門,梵語,天竺,藍調安侯世高,都尉佛調,佛言,聖人,梵義,梵,奧藏,惡行品,邪婬,罪報,殃,小惡,小善,福,刀杖品,慈仁,楚毒,沙門道人,老耗品,熾然,福慧,無生,梵行,愛身品,調身,世俗品,萬物如泡,意如野馬,居世若幻,定,邪疑,妄語人,曇鉢偈",,
法句經,T 210 (2),"法句經, 尊者, 沙門, 佛, 度, 道, 入道, 決網, 罣礙, 愛盡, 佛意, 出家, 根斷, 無欲意, 學正念, 見諦, 五道淵, 人道, 佛法, 聖道, 精進, 梵志, 弟子, 觀行, 忍, 泥洹, 戒, 奉佛教, 諸惡莫作，諸善奉行，自淨其意，是諸佛教, 斷漏, 無婬, 諸釋中雄, 福報, 上寂, 自致泥洹, 自歸, 佛法聖眾, 聖眾, 四諦, 正慧, 生死, 極苦, 度世八道, 八道, 三尊, 志道, 明人, 羅漢, 說經, 清淨無為, 樂為食, 光音天, 眾魔, 聖人, 正道, 說法, 戒具, 甘露, 棄欲, 滅諦, 愛欲, 縛結, 解無貪欲, 截流渡, 聖教, 昇天, 墮獄, 貪婬, 愚癡, 棄冥入明, 慈心不殺, 常覺寤, 意解, 梵釋, 瞋恚, 除身惡行, 進修德行, 除口惡言, 誦習法言, 除心惡念, 思惟念道, 節身慎言, 守攝其心, 捨恚, 離慢, 愛會, 名色, 無為, 滅苦, 火莫熱於婬, 網莫密於癡, 愛流, 虛空無轍迹, 沙門無外意, 佛淨無穢, 世間皆無常, 佛無我所有, 惡道, 智慧, 意定, 去垢, 苦形, 洗除心垢, 邪見, 淨定, 斷欲, 截意根原, 入定意, 著垢為塵, 染塵漏, 漏盡無垢, 經道, 愍, 正心以行, 寶慧, 奉持法, 長老, 諦法, 慈仁, 除髮, 妄語, 貪取, 凡, 止惡, 弘道, 息心滅意, 比丘, 乞食, 邪行, 婬彼, 捨罪福, 梵行, 破惡, 仁明, 心無為, 清虛, 寂滅, 有道, 普濟天下, 無害, 戒眾, 得定意, 結, 八直最上道, 壞魔兵, 邪苦, 開正道, 邪縛, 觀見為慧, 勤行道, 念應念則正, 念不應則邪, 思正道, 慎言守意念, 身不善不行, 貪意自縛, 斷意本, 生死無彊, 貪婬致老, 瞋恚致病, 愚癡致死, 釋前解後，脫中度彼, 一切念滅, 無復老死, 病法, 度世, 一切除苦, 遠離諸淵, 滅思想, 知見, 惔樂無為, 生死得盡, 眾行空, 慧見, 罷厭世苦, 眾行苦, 眾行非身, 愛箭為射, 如來言, 都以滅, 往來生死盡, 道眼, 法輪, 哀眾生, 三有, 三念, 三定, 弃猗行無量, 解結, 戒禁惡, 思惟慧樂念, 息意一切解, 施安, 景福, 殃咎, 惡習, 修身自覺, 正習, 佛弟子, 常寤自覺, 晝夜念佛, 惟法思眾, 思禪, 樂觀一心, 痛欲薄, 學難, 捨罪難, 比丘乞求難, 精進得自然, 有信則戒成, 多致寶, 一坐、一處臥，一行無放恣，守一以正身，心樂居樹間, 地獄, 燒鐵丸, 淫泆, 罪牽不置, 獄錄乃自賊, 慢惰, 諸外道, 罪縛, 善道, 胞胎, 降伏結, 樂道, 拔身苦, 伏諸所聞, 持戒, 信正, 信戒精進，定法要具, 明行成立, 忍和意定, 斷諸苦, 正定, 斷恚無漏, 受天樂, 欲愛, 枝條, 熾盛, 貪果猴, 愛忍苦, 恩愛惑, 情欲, 離愛則無憂, 愛憎惡所由, 出獄復入獄, 貪意為常流, 習與憍慢并, 思想猗婬欲, 自覆無所見, 一切意流衍, 愛結如葛藤, 慧分別見, 斷意根原, 愛潤澤, 思想為滋蔓, 愛欲深無底, 老死是用增, 染著愛甚牢, 慧說愛為獄, 不視欲能安, 見色心迷惑, 不惟觀無常, 無常, 愚以為美善, 淫樂自裹, 如蠶作繭, 不眄除眾苦, 心念放逸者, 見婬以為淨, 恩愛意盛增, 造獄牢, 覺意滅婬者, 念欲不淨, 出邪獄, 能斷老死患, 欲網自蔽, 愛蓋自覆, 自恣縛於獄, 如魚入笱口, 為老死所伺, 離欲, 滅愛迹, 出網, 盡道除獄縛, 此彼解, 度邊行, 大智士, 遠法人, 愛染, 三世, 會復墮邊行, 覺一切法, 不著諸法, 一切愛意解, 通聖意, 眾施經施勝, 經施, 眾味道味勝, 眾樂法樂勝, 愛盡勝眾苦, 貪為敗處故, 淫怒癡為種, 淫怒癡, 故施度世者, 福無有量, 慧不貪欲, 五欲, 違可絕五欲, 勇士, 恬惔無憂患, 欲除使結解, 長出淵, 欲我知汝本，意以思想生，我不思想汝，則汝而不有, 貪自喪, 天雨七寶, 遠道順邪, 貪養比丘, 慳意, 泥洹不同, 閑居却意, 息心自省, 習教, 奉戒思惟, 慧所稱, 清吉, 三明, 解脫無漏, 寡智鮮識, 惡法, 供養嫉, 比丘釋心, 不揣食, 食人信施, 端目、耳、鼻、口，身意常守正, 免眾苦, 守一, 寂然, 守口, 法義, 樂法欲法, 思惟安法, 正而不費, 少取, 無積, 天人所譽, 生淨無穢, 比丘為慈, 愛敬佛教, 深入止觀, 止觀, 滅行乃安, 一切名色, 名色, 非有莫惑, 不近不憂, 比丘扈船，中虛則輕，除婬怒癡，是為泥洹, 捨五斷五, 思惟五根, 五根, 能分別五, 乃渡河淵, 禪無放逸, 禪, 莫為欲亂, 不吞洋銅, 自惱燋形, 無禪不智，無智不禪, 道從禪智, 入空, 靜居止意, 樂獨屏處, 一心觀法, 常制五陰, 五陰, 伏意如水, 甘露味, 不受所有, 攝根知足, 戒律悉持, 善師友, 智者成人, 度苦致喜, 衛師華, 釋婬怒癡, 生死自解, 止身、止言，心守玄默, 受寂, 自勅身, 內與心爭, 護身念諦, 比丘惟安, 我自為我，計無有我, 損我, 喜在佛教, 寂寞, 行滅永安, 佛教戒, 蓮華水生淨, 捨此彼, 割愛無戀慕, 不受如蓮華, 比丘渡河流, 截流自恃, 逝心却欲, 仁不割欲, 一意猶走, 強自制, 捨家而懈, 意猶復染, 行懈緩者, 勞意弗除, 非淨梵行, 焉致大寶, 步步著粘, 但隨思走, 袈裟, 不調難誡, 息心非剔, 慢訑無戒, 捨貪思道, 放逸無信, 截流而渡, 無欲如梵, 知行已盡, 無二法, 清淨渡淵, 諸欲結解, 彼彼已空, 捨離貪婬, 思惟無垢, 所行不漏, 上求不起, 佛出天下，照一切冥, 非剃為沙門，稱吉為梵志，謂能捨眾惡，是則為道人, 出惡為梵志，入正為沙門，棄我眾穢行，是則為捨家, 猗於愛, 心無所著, 已捨、已正, 身、口與意, 淨無過失, 捨三行, 佛所說法, 觀心自歸, 誠行法行, 被服弊惡, 躬承法行, 閑居思惟, 佛不教彼，讚己自稱, 絕諸可欲, 不婬其志, 委棄欲數, 斷生死河, 能忍起度, 自覺出塹, 見罵見擊，默受不怒, 忍辱力, 念守戒, 端身自調, 心棄惡法, 如蛇脫皮, 不為欲污, 覺生為苦, 能下重擔, 解微妙慧, 辯道不道, 體行上義, 棄捐家居, 無家之畏, 少求寡欲, 棄放活生, 無賊害心, 無所嬈惱, 避爭不爭, 惡來善待, 去婬怒癡, 憍慢諸惡, 八道審諦, 無取、無捨, 今世行淨, 後世無穢, 無習、無捨, 棄身無猗, 行甘露滅, 罪與福，兩行永除, 無憂、無塵, 心喜無垢, 謗毀已除, 見癡往來, 墮塹受苦, 欲單渡岸, 唯滅不起, 已斷恩愛, 離家無欲, 愛有已盡, 離人聚處, 不墮天聚, 諸聚不歸, 棄樂無樂, 滅無熅燸, 健違諸世, 所生已訖, 死無所趣, 覺安無依, 已度五道, 習盡無餘, 無操、無捨, 最雄、最勇, 能自解度, 覺意不動, 自知宿命, 宿命, 得要生盡, 叡通道玄, 明如能默, 忍為最自守, 泥洹佛稱上, 捨家不犯戒, 息心無所害, 無病最利, 知足最富, 厚為最友, 泥洹最快, 飢為大病, 行為最苦, 泥洹最樂, 泥洹最安, 從因生善, 從因墮惡, 由因泥洹, 所緣, 法歸其報, 真人歸滅, 心難見，習可覩, 覺欲者，乃具見, 無所樂，為苦際, 在愛欲，為增痛, 明不清，淨能御, 無所近，為苦際, 見有見、聞有聞、念有念、識有識, 覩無著，亦無識, 一切捨，為得際, 除身想，滅痛行, 識已盡，為苦竟, 猗則動，虛則淨, 動非近，非有樂, 樂無近，為得寂, 寂已寂，已往來, 來往絕，無生死, 生死斷，無此彼, 此彼斷，為兩滅, 滅無餘，為苦除, 比丘有世生，有有有作行, 有無生無有，無作無所行, 夫唯無念者，為能得自致, 無生無復有，無作無行處, 生有作行者, 得要, 若已解不生，不有不作行, 從生有已起, 作行致死生, 法果, 從食因緣有, 從食致憂樂, 諸苦法已盡, 行滅湛然安, 無復諸入地, 入, 虛空入, 入用入, 無想不想入, 無今世、後世, 無日月想, 無往、無所懸, 無往反, 不去而不來, 不沒不復生, 是際為泥洹, 如是像無像, 苦樂為以解, 無言言無疑, 斷有之射箭, 遘愚無所猗, 此道寂無上, 受辱心如地, 行忍如門閾, 淨如水無垢, 生盡無彼受, 畢故不造新, 厭胎無婬行, 種燋不復生, 意盡如火滅, 胞胎為穢海, 眾道中斯勝, 佛以現諦法, 智勇能奉持, 行淨無瑕穢, 自知度世安, 道務先遠欲, 早服佛教戒, 滅惡極惡際, 已解法句, 至心體道行, 度生死岸, 苦盡而無患, 道法無親疎, 無識想, 結解為清淨, 上智饜腐身, 危脆非實真, 苦多而樂少, 九孔無一淨, 慧以危貿安, 棄猗脫眾難, 形腐銷為沫, 慧見捨不貪, 觀身為苦器, 生老病無痛, 行清淨, 獲大安, 依慧以却邪, 不受漏得盡, 致度世, 天人莫不禮, 命如菓待熟，常恐會零落, 已生皆有苦, 孰能致不死, 可婬入泡影, 受形命如電, 晝夜流難止, 死物, 精神無形法, 罪福不敗亡, 終始非一世, 從癡愛久長, 受苦樂, 身死神不喪, 四大, 色, 識四陰曰名, 識, 四陰, 名, 情十八種, 所緣起十二, 神止凡九處, 生死不斷滅, 世間愚不聞, 蔽闇無天眼, 自塗以三垢, 無目意妄見, 謂死如生時, 死斷滅, 識神造三界, 識神, 三界, 善不善五處, 陰行而默到, 所往如響應, 欲色不色有, 宿行, 神以身為名, 如火隨形字, 著燭為燭火，隨炭草糞薪, 心法起則起，法滅而則滅, 轉轉不自識, 識神走五道, 捨身復受身, 如輪轉著地, 精神居形軀, 器破雀飛去, 性癡淨常想, 樂身想疑想, 嫌望非上要, 佛說是不明, 一本二展轉, 三垢五彌廣, 諸海十三事, 淵銷越度歡, 三事斷絕時, 命氣熅煖識, 捨身而轉逝, 幻, 愚貪, 道士, 信戒施聞慧, 休咎, 法王, 仁愛好利人, 平均, 神象, 惡意為自煞, 善方, 戒德可恃怙, 福報常隨己, 三惡道, 戒慎除苦畏, 福德三界尊, 鬼龍邪毒害, 不犯持戒人, 多聞, 戒行具, 美說正為上, 法說為第二, 愛說可彼三, 誠說不欺四, 妄說, 貪婬、瞋恚、癡, 是三非善本, 報由癡愛生, 有福為天人, 非法受惡形, 聖人明獨見, 承佛令, 戒德後世業, 作福追身, 日縛不自悔, 天使召, 吉祥, 佛尊過諸天, 如來, 佛愍傷, 正法, 福德, 勅身從真正, 避酒知自節, 不婬于女色, 多聞如戒行, 法律精進學, 修已無所爭, 不慢不自大, 知足念反復, 誦習經, 樂欲見沙門, 講輒聽受, 持齋修梵行, 常欲見賢聖, 依附明智者, 道德, 正意向無疑, 等心行布施, 奉諸得道者, 敬諸天人, 離貪欲, 愚癡瞋恚意, 習誠道見, 棄非務, 勤修道用, 常事於可事, 建立大慈意, 修仁安眾生, 信敬於佛, 聞法句義, 供養眾僧, 戒具清淨者, 常習吉祥行, 自致成慧見, 梵志聞佛教, 禮佛足, 歸命佛法眾",,
維摩詰經,T 474 (1),"維摩詰,經,佛說,不思議法門,佛法,道門,三昧經,品,優婆塞,佛,維耶離,比丘,菩薩,神通,大聖,法城塹,正法,師子吼,三寶,魔行,死地,罣礙,辯才,念,定,總持,布施,調意,自損,戒,忍,精進,一心,智慧,善權,無所著,法忍,阿惟越致,法輪,慧德,無畏,福祐慧,相好,佛聖性,法感,甘露,微妙法,生死本,眾厄,恐畏,講說法,道寶之智,大師,知足之行,佛聲,法功德,惡道,五道,大醫王,應病與藥,佛國,修學,明智,虛空藏菩薩,大勢至菩薩,慈氏菩薩,濡首菩薩,天帝釋,龍神,揵沓和,阿須倫,迦留羅,甄陀羅,摩睺勒,比丘尼,優婆夷,須彌,三千大千佛國,三千世界,天宮,龍宮,魔眾,偈,沙門,三界,法言,法鼓,因緣,佛樹,降魔,覺道,異學,三轉法輪,天人,滅意,度無極,無上正真之道,國土清淨,佛上智,聖典,大乘,十善行,三十二相,德本,禪思,四等心,慈,悲,喜,護,四恩,三十七道品,根,力,覺,意,法化,八難,邪受,梵行,正見,清淨,如來,嚴淨,釋迦文佛,三昧正受,寶蓮華,法眼生,漏盡意解,柔順法忍,無垢稱,智度無極,方便,博入諸道,覺意,弟子,釋,梵,世主,惡戒,恚怒,白衣,懈怠,禪定正受,迷惑意,智慧律,邪智,無色,法樂,法律,小道,婬種,欲怒,貪,無常,苦,老,病,四大身,無強,無力,無堅,多痛畏,聚沫,泡,野馬,渴愛,芭蕉,幻,報應,夢,影,響,霧,電,分散法,無主,空,無我,無性,無命,不淨腐積,虛偽,速朽,磨滅法,佛法身,福祐,智,戒品,定品,慧品,解品,度知見品,止觀,十力,四無所畏,佛十八法,惡法,善法,諦,誠,清淨行,如來身,大道,無上正真道意,賢者,舍利弗,宴坐,禪,泥洹,如來坐法,大目犍連,居士,離人垢,染塵,生死,滅相,無罣礙,不老,無吾作,無識心,無倫,因緣相,無等,法情,六無猗,無相,無願,四諦,得道,凡人,法語,真,法之想,諸見,邊際,眾勞,不信之垢,祐除,魔,一覺行,大迦葉,行乞,法施,無所受,色,盲,響,香,風,味,識,細滑,幻,八邪,八解,正定,邪定,佛道,弟子之道,癡妄,文字,解脫,法眼淨,邠耨文陀尼子,比丘,死畏之法,摩尼之心,正行,人根,宿命,佛立德本,不退轉,迦旃延,軌迹,無常義,苦義,空義,非身義,五陰,不二,不然不滅,滅終始滅,漏意解,阿那律,梵天,天眼,三千大千佛國,受身相,外五通,佛世尊,三昧,佛國,羅云,轉輪王,出家,榮冀,明智,聖賢,五眼,五力,五根,彼岸,淤泥,無彼受,無起隨順,忿亂,滅種姓,大學,自然法,佛興難值,菩薩意,阿難,金剛,至真,等正覺,福會,外道,異學,麁言,法身,思欲身,世尊,無漏,諸漏,五濁之世,貪貧之行,彌勒菩薩,兜術天上,不退轉地,一生補處,世尊所莂,過去,當來,現在,生盡,冥生比丘,生老病死,終始,無生,最正覺,如起,如滅,如,滅度,凡夫,穿行,造業,無為,不惑,斷,遠離,無欲,諸受盛,不雜,一智,眾所思樂,無言,諸著不著,住,普入,自然,二法,立,積誠信,空等,離起分處,眾意行知,諸入不貪,近獄勞斷,聖師,無比化,諦見,無色,淨穢,本性,明,無受,眾網,諸法等覺,無喻,色好,妙,所覺,不起法忍,光淨童子,道場,無生之心,檢一惡意,淳淑之心,習增上,聖賢之心,道意之心,布施之心,持戒之心,忍辱之心,精進之心,禪思之心,智慧之心,慈心,悲心,喜心,護心,神通之心,惟務之心,滅心,多聞之心,不生之心,道品法心,諦心,緣起之心,眾勞之靜,眾生之心,諸法之心,伏諸魔心,三界之場,師子座場,力無畏場,三達之智,一意覺場,一切智普具,本祠護,佛法,天魔波旬,玉女,拘翼,欲樂,妖蠱之物,釋迦弟子,族姓子,法樂,三脫門,泥洹道,深法,無盡,開法門,善見菩薩,祠,法祠,思欲祠,佛事,檀,律,博聞,惟空,無想,無願,壽命,知人如如,謙敬,德本,一切智覺,道品正法,祠祀,上達嚫,大悲意,珠瓔,佛珠交露棚,不思議門,師子之座,恒沙等剎,須彌燈王如來,由延,不迫迮,芥子,恒沙佛國,無限量,生死奉律,劫壽,剎好以為一剎,遊諸剎,十方諸佛,陰冥,諸佛像,緣一覺像,弟子像,釋,梵,轉輪王像,柔軟音響,佛語,諸佛法言,魔怪,解度人,龍象,權慧力,有愛,病本,無我人想,法相,法數,法起,法滅,法轉,思想者,將養其意,法想,受報,斷病,內無習行,等不動不可動,我等,泥洹等,凡聖道成,平等,諸痛,大悲哀,自省法,不除法,未然,止心,二見,妄見,禪定,縛,道縛我,無權執智縛,行權執智解,智不執權縛,智而執權解,權行,愚人法,弟子法,菩薩行,凡夫行,賢夫行,生死行,污行,泥洹行,四魔,魔行,博學慧行,四諦行,諦知行,無生行,緣起行,閑居行,不壞法情,空無行,清德,六度無極,六神通,漏,小道,滅迹行,緣一覺,毀佛法行,色痛想行識,陰,種,諸入,欲色無色,放逸,塵,離婬塵,染污,邊,婬樂,壃界,分數,不淨,取放,巢窟,占想,堅識,流法,見聞念知",,
維摩詰經,T 474 (2),"阿夷恬菩薩, 阿難, 阿昏陀藥, 阿迦膩吒天, 阿閦佛, 阿維羅提, 闇, 安樂國中諸菩薩, 安慰慈, 一心, 一切不受, 一切智, 一切智意, 一切諸法, 八解, 八解之浴池, 八難, 八道, 八邪道, 悲, 悲慈, 比丘, 俾沙闍羅耶, 不二慈, 不二入, 不惑, 不盡, 不盡於數, 不起不生, 不起不滅, 不退轉, 不住無數, 不相, 不相異, 不善, 不施不受, 不飾慈, 不我慈, 布施, 剎度, 慚愧, 禪, 禪解, 塵勞事, 癡, 持戒, 畜生處, 慈, 慈悲, 大悲, 大乘, 大弟子, 大智, 道場, 道法御, 道品, 道樹, 得道, 定慧, 弟子法, 弟子行者, 弟子意, 地水火風空, 地獄處, 調御, 度無極, 度脫生死, 佛, 佛寶, 佛道, 佛德香, 佛法, 佛法眾, 佛光, 佛身相, 佛性, 佛所建立, 佛土, 佛化, 福, 剛強難化, 甘露, 根敗, 供養, 貢高, 鬼神之道, 幻法, 幻事, 慧見, 悔過, 喜, 護, 火中生蓮荷, 劫, 劫盡乾燒, 金剛, 經印所封, 居士, 覺意, 覺華, 解脫, 淨佛土, 淨戒, 淨土, 盡, 盡定, 江河沙, 戒, 戒品, 戒定慧解度知見事, 苦, 空, 空異, 空義, 空知, 空無相無願無為, 勞塵, 勞想, 樂法, 蓮荷, 漏, 羅漢, 魔, 魔道, 魔首, 毛孔, 彌勒菩薩, 明, 明行成為, 滅定, 泥洹, 泥洹道, 怒, 無礙慧, 無礙立, 無比慈, 無邊慧, 無垢塵, 無悔, 無盡, 無上士, 無上正真道最正覺, 無上正真道意, 無相, 無所行, 無所畏, 無所起, 無所有, 無數, 無數無不數, 無我, 無為之相, 無願, 五蓋, 五道, 五陰, 五通, 五通仙人, 五無間處, 五濁剎, 攀緣稱說, 平等慈, 平等正法, 菩薩, 菩薩意, 菩薩篋藏, 菩薩生, 普得法, 權方便, 染, 如來, 如來種, 如是觀, 忍, 忍界, 忍辱, 三寶, 三界, 三垢, 三乘, 三達智, 三塗, 三脫門, 剎土, 色空, 色相, 舍利弗, 善, 善逝, 神足, 神足變化, 生, 生死, 生死自然, 身、言、意惡行, 身見, 師子床, 十惡, 四恩, 四顛倒, 四天王, 世間, 世間解, 世尊, 須彌, 宿曾聞, 太清, 天帝釋, 天人, 天人師, 天龍神, 鐵圍山, 痛愛, 痛想行識空, 總持, 退轉, 文殊師利, 微妙無像, 維摩詰, 維耶離, 威相, 無明, 無礙慧, 無我, 無願, 無為, 虛靜空無寂寞, 賢劫, 賢者子, 賢者女, 香積佛, 香樹, 香德之定, 懈廢, 邪行, 邪行為順現, 邪見, 喜, 像經, 小道, 信, 嚴淨之土, 閻浮利, 緣一覺, 緣一覺道, 緣一覺者, 緣起, 欲貪, 由身, 由言, 由意, 有, 有身, 有數, 獄刑, 欲樂香, 智慧力, 智度無極, 智辯, 罪福, 眾香, 眾像見, 眾生, 眾經奧藏, 轉輪聖王, 莊嚴, 諸法, 諸佛般泥曰, 諸世所歸, 諸剎土, 宗長",,
